#{"t_start": 1764372124.2900965, "env_id": "intersection-v1"}
r,l,t
-4.0,10,1.366112
0.0,13,1.971029
1.643827,13,2.266871
-1.0,5,2.532397
1.550115,13,2.852328
4.633166,13,3.3363
3.681281,13,3.905129
2.474726,13,4.48757
1.0,13,4.755512
-2.463655,10,5.129733
-3.761275,11,5.488848
2.233498,13,5.874155
1.538975,13,6.172225
-1.372771,6,6.396542
5.633166,9,6.755785
8.0,8,6.948977
0.604556,13,7.491718
-2.444964,8,7.930017
2.552044,13,8.381072
6.68121,13,8.988605
6.244189,11,9.40773
-2.0,9,9.753557
-2.122354,10,10.046023
3.882427,13,10.687274
-2.644326,7,10.89074
1.276312,13,11.454674
-2.290496,6,11.737543
1.643827,13,12.245444
3.47287,13,12.727383
-2.437045,7,12.940884
-1.436972,6,13.260834
2.2481,13,13.722518
2.461624,13,14.219029
7.0,13,14.871119
4.618836,13,15.415814
2.462497,13,16.010127
6.552816,10,16.307306
3.620415,6,16.529525
-1.0,6,16.72445
-2.437045,7,17.043455
-2.365057,6,17.209247
3.620415,13,17.820577
-1.379585,6,18.088313
-2.739744,5,18.274887
-3.0,12,18.683683
2.459714,13,19.309456
8.681208,10,19.713074
-1.84084,4,19.894911
7.151788,13,20.408349
0.695809,13,21.074631
6.68121,13,21.385947
3.0,13,21.826121
0.550121,13,22.201876
-2.0,4,22.408434
-2.0,6,22.599355
3.961648,13,23.138117
5.205964,13,23.675877
8.297039,11,24.069712
-2.0,9,24.496134
-2.0,7,24.611349
-1.372771,6,24.922884
7.169156,13,25.708754
-3.631866,7,25.884374
6.0,13,26.319942
-1.299552,4,26.506713
-0.382068,6,26.675208
4.617932,13,27.121382
-0.841249,5,27.322716
-0.666847,6,27.453463
2.0,13,27.907367
4.0,13,28.54051
6.0,12,29.126815
-2.82571,13,29.864255
-2.318366,6,30.193331
-2.365057,4,30.386376
0.0,13,30.988703
-1.0,6,31.149768
-2.370348,6,31.412011
-2.365057,5,31.597151
-4.0,7,31.877739
5.604284,13,32.14511
2.536592,13,32.509785
3.681281,13,32.966371
6.618567,10,33.363894
0.695809,13,33.981065
7.082823,13,34.495011
-1.0,5,34.642083
2.0,13,35.233542
-1.299552,4,35.438702
1.0,13,35.973055
2.551386,13,36.494734
-2.436558,7,36.790272
-2.676484,6,37.027553
7.615917,9,37.447305
5.459071,13,38.154824
4.626815,13,38.830078
-0.299923,5,38.928855
4.0,13,39.293352
8.243919,11,39.590569
-3.162026,11,40.145396
-3.0,6,40.46113
0.550077,13,40.738708
-1.700382,7,41.425387
5.0,13,41.99006
-3.356173,5,42.248337
-1.0,5,42.574468
8.0,9,42.773537
-3.525274,11,43.136107
0.0,13,43.78632
6.862648,13,44.180524
-1.0,5,44.360515
-1.0,6,44.5569
0.0,13,45.123319
-3.0,6,45.22138
1.633114,9,45.560223
-2.0,5,45.753031
-2.524494,8,45.973274
1.53698,13,46.567738
7.617435,12,47.180081
7.616072,9,47.606881
-4.440894,13,48.475416
-1.0,5,48.693599
-3.38444,9,49.121882
-2.318366,6,49.202882
7.633114,10,49.48992
6.024807,10,49.780298
4.843011,13,50.102816
-2.438646,8,50.50733
0.0,13,51.256961
0.0,6,51.455439
-1.0,6,51.682416
-1.0,6,52.017845
10.0,10,52.491599
9.0,9,52.856295
-1.0,6,53.123527
-3.356173,13,53.650644
2.550179,13,54.079172
2.613648,13,54.413244
7.106177,12,54.705243
9.0,9,55.191221
8.615844,10,55.634515
-5.0,1,55.732083
8.0,9,56.086385
5.626744,13,56.428248
7.525446,12,56.802148
-5.0,1,56.875049
-2.72375,9,57.144281
5.889737,13,57.660901
-1.0,5,57.948481
-2.838518,12,58.39156
4.300934,13,59.022583
-3.631866,7,59.194822
5.140616,13,59.651399
-3.0,13,60.248981
-3.463033,13,60.848544
8.615844,10,61.150431
-3.712106,7,61.34695
2.552044,13,62.053741
1.227447,13,62.386368
-2.0,4,62.537335
6.149898,13,62.898881
-2.436558,5,63.179996
-3.768641,9,63.583091
9.0,10,63.9924
-3.377894,7,64.144578
-1.446814,7,64.427439
-2.0,5,64.624636
-2.0,4,64.848521
4.901754,12,65.38926
-1.318719,6,65.651077
-1.372771,11,66.097581
-3.460636,7,66.303825
-1.0,5,66.533191
-2.866519,7,66.772838
7.218523,13,67.307691
0.604273,13,67.762253
-1.366575,6,68.04208
8.616025,10,68.378277
-1.0,5,68.636611
-0.57992,5,68.786656
1.0,13,69.066729
-5.0,1,69.176065
1.473247,13,69.46682
1.549743,13,70.022418
7.54087,11,70.544671
1.0,13,70.811584
2.805751,13,71.155052
0.695809,13,71.860378
4.836626,13,72.401903
6.088318,13,73.019078
7.633114,11,73.418381
-0.366834,7,73.69268
0.0,6,73.93308
-1.0,5,74.15046
-3.511246,11,74.696223
-1.0,5,74.886502
-2.373197,6,75.072087
7.475492,11,75.560897
4.549414,13,75.901208
-0.382068,7,76.139388
4.461625,13,76.644216
1.124657,13,76.986041
-1.0,5,77.113641
4.0,10,77.51014
-1.379585,6,77.691287
-3.678979,6,77.985231
7.471032,12,78.357708
-1.318719,7,78.605312
-1.372771,6,78.869212
-2.0,9,79.214702
8.615645,10,79.660321
2.474801,13,80.194416
4.525105,13,80.642434
6.525519,12,81.420742
-1.366575,9,81.890865
9.0,9,82.158277
7.617435,9,82.456512
-3.752428,9,82.846998
7.615917,11,83.285482
9.0,9,83.662683
8.28598,11,83.957608
10.0,10,84.254848
9.0,9,84.492408
-2.318366,5,84.673232
-1.0,6,84.906438
0.0,13,85.340084
1.0,13,85.952034
0.0,6,86.158907
-3.356173,4,86.265227
6.180867,11,86.759953
-1.379585,7,86.987624
-3.356173,4,87.19344
6.560761,13,87.646706
2.473256,13,87.926916
-1.0,5,88.116862
9.0,10,88.350471
-1.041043,7,88.718529
0.0,6,88.930965
-1.0,6,89.13078
-3.0,10,89.62024
-2.034645,7,89.97162
3.549797,13,90.373714
8.562943,11,90.560569
2.163186,13,91.213062
-1.0,5,91.336655
7.626732,9,91.812114
7.47331,13,92.491291
6.62673,9,92.867841
9.0,10,93.203776
-0.675908,6,93.38937
-1.318719,6,93.567732
9.0,9,93.839511
8.617423,10,94.309445
6.104912,13,94.739939
-2.365057,5,94.859756
7.617435,10,95.171342
0.540872,10,95.795661
7.189439,11,96.122391
-2.436558,5,96.330375
8.297039,11,96.782209
-3.0,7,97.024206
5.91672,11,97.403666
0.695809,13,97.925084
-4.382153,5,98.109699
3.604329,13,98.524573
8.288074,11,98.791376
6.217858,13,99.37581
7.633114,9,99.706613
-2.513594,8,99.981552
-2.0,10,100.37527
7.242743,10,100.704881
7.297505,10,101.018089
0.158681,6,101.230418
-1.318719,6,101.402514
-2.447956,8,101.623287
8.633113,10,101.768951
10.0,10,102.077742
6.0,13,102.506625
-2.370348,6,102.652894
6.617508,13,103.187498
-1.366575,6,103.481356
-1.472197,9,103.815896
-1.0,7,104.201148
0.0,6,104.401888
-2.728042,9,104.813223
-2.382567,7,105.04824
6.189854,10,105.539436
10.0,10,106.008312
-2.743026,7,106.384726
-0.958767,6,106.719241
0.0,6,106.927371
-1.958347,5,107.080282
0.0,6,107.31136
10.0,10,107.641931
-1.646455,7,107.794444
5.167149,12,108.204006
1.0,13,108.733667
-0.382068,7,108.988622
-0.462942,9,109.353968
-2.0,4,109.447995
9.0,9,109.871459
6.61742,10,110.305695
3.234322,13,110.58446
5.0,13,111.124784
-2.437045,7,111.354417
6.298868,10,111.642884
3.0,13,112.050932
6.539093,10,112.401263
6.525497,13,112.92803
8.633113,10,113.390803
-2.472125,8,113.824242
-3.076926,8,114.045508
-1.697431,7,114.264261
-1.0,5,114.435609
0.0,6,114.609908
0.0,6,114.799417
4.138623,13,115.204273
-1.372771,6,115.420897
8.615645,10,115.908499
0.613922,13,116.559343
-2.318366,7,116.803003
10.0,10,117.163779
5.534416,12,117.731112
-2.0,5,117.95753
6.189854,10,118.358213
5.872385,11,118.672488
7.616072,9,118.904123
0.0,5,119.381883
-1.0,5,119.542897
-1.299552,4,119.75898
9.0,9,120.039085
-1.436972,7,120.272557
5.633121,13,120.614485
-0.963021,6,120.82767
4.0,5,121.044778
7.626732,9,121.382572
0.0,6,121.555766
-1.372771,6,121.807849
5.163392,12,122.316867
8.62673,10,122.720849
8.562943,11,123.17089
9.0,10,123.605019
-1.372771,6,123.756018
6.550375,9,124.000675
7.18177,11,124.292544
7.550321,10,124.503268
7.550321,10,124.835839
9.0,9,125.039216
-5.0,1,125.110391
9.0,9,125.403852
8.681208,10,125.843278
-2.523997,7,126.054068
-2.436558,6,126.247976
9.0,9,126.459099
-1.828629,8,126.92695
6.559442,13,127.298626
-1.0,7,127.477407
1.0,7,127.722136
0.0,6,127.910664
7.0,10,128.239216
9.0,9,128.710848
-1.0,5,128.83302
8.0,9,129.146387
8.550182,11,129.400719
10.0,10,129.963674
7.615917,9,130.419046
0.473325,10,130.75173
9.0,9,131.085075
6.615558,12,131.481346
7.0,13,131.873674
0.0,6,132.021804
8.615645,10,132.525639
9.0,9,132.937603
-1.447446,7,133.185492
8.0,8,133.494855
-1.0,5,133.670565
-2.0,5,133.843248
6.183604,12,134.420921
4.633166,13,135.083812
-3.447459,6,135.174172
9.0,9,135.554439
-0.675908,6,135.764287
7.549949,10,136.17188
7.616072,9,136.42387
4.167673,13,136.985522
1.0,7,137.272042
-4.370775,8,137.608997
-3.434136,6,137.899191
-2.382567,7,138.112496
0.0,6,138.315258
-1.0,5,138.497221
0.0,6,138.604276
9.0,9,138.779433
8.0,8,139.087104
-4.367068,7,139.344586
3.627229,13,139.687158
0.0,6,139.900218
-2.458619,7,140.123531
-1.0,4,140.335701
-2.0,5,140.569918
6.115662,11,141.029954
-1.366575,7,141.285946
-0.366834,7,141.617155
7.550194,10,141.828721
-2.687862,6,141.97451
7.61852,9,142.378083
-2.526729,9,142.648743
-0.841249,5,142.877281
-1.366575,6,143.082042
5.616343,13,143.606942
5.163084,12,143.908412
-1.0,6,144.057066
-3.434136,5,144.210101
6.822313,12,144.631589
0.0,5,144.78498
-1.0,5,144.900566
-1.436972,7,145.262928
8.681208,10,145.578644
-1.0,5,145.780602
9.0,10,146.148428
-2.436558,6,146.406611
9.0,9,146.665536
9.0,9,147.010907
-2.370348,5,147.096462
6.550267,9,147.428034
-0.57992,5,147.522726
-1.0,5,147.682584
6.251599,11,148.099372
-1.299552,4,148.236495
-2.0,6,148.441371
7.61852,9,148.7569
-1.0,5,149.021007
-3.463286,11,149.222347
7.298444,10,149.624966
-1.372771,7,149.77894
1.613594,13,150.372699
1.0,7,150.57316
0.0,6,150.766827
10.0,10,151.190523
0.0,6,151.454308
0.0,6,151.589416
7.552807,10,152.049215
-2.384442,9,152.293052
-0.685411,8,152.605112
-3.52706,10,152.983244
7.169156,12,153.512381
8.617423,10,153.769781
8.488254,12,154.346857
-2.318366,6,154.56603
6.243839,10,155.025942
6.177414,11,155.404014
10.0,10,155.76192
7.29705,10,156.323452
-1.0,5,156.514647
0.0,6,156.799374
-1.0,6,157.063414
0.0,6,157.293339
9.0,10,157.745051
3.459714,13,158.176144
8.0,8,158.470129
-1.0,7,158.716641
-1.0,5,158.945826
-0.841249,5,159.19387
0.0,6,159.280114
-3.38444,8,159.498785
8.0,10,159.868805
-0.366834,7,160.095117
-0.526744,11,160.453076
-0.373185,6,160.718876
-1.0,5,160.854525
5.224249,10,161.42066
-1.0,6,161.72699
-2.524494,8,161.98607
-1.318719,6,162.143291
-1.0,4,162.287499
2.483763,13,162.979994
-2.370348,8,163.258934
1.0,13,163.682297
-1.511731,7,163.835201
10.0,10,164.07696
-1.366575,6,164.292118
-1.299552,4,164.440764
-2.373197,6,164.6359
6.562945,10,165.127104
-2.00463,8,165.340478
9.0,9,165.572254
-2.550552,6,165.739185
-2.756723,6,165.982366
-2.756723,7,166.30795
0.0,6,166.550837
-2.0,4,166.66172
9.0,9,166.98279
8.618513,10,167.375903
0.700013,6,167.551178
7.18964,12,167.7787
7.536738,12,168.17102
-3.372844,6,168.401892
0.0,6,168.607544
7.196107,12,169.089566
0.0,6,169.314253
-1.0,5,169.581988
-0.382068,7,169.871334
0.0,6,170.041033
9.0,9,170.323629
-0.841249,5,170.43889
0.0,5,170.54858
9.616017,11,170.8505
7.244344,10,171.353918
8.0,8,171.57771
0.0,6,171.704577
-0.675908,6,171.819455
-2.437045,8,172.246933
-1.436972,7,172.44504
-1.0,7,172.589629
7.108244,12,173.169395
-2.119967,8,173.425644
7.229584,11,173.768058
0.0,6,173.990215
1.0,7,174.315341
-0.946861,6,174.546155
2.606192,13,175.27262
3.166892,13,175.802458
-4.447885,7,176.092191
-4.0,8,176.452507
8.243019,11,176.746143
-2.436558,6,176.880818
-5.0,1,176.949606
-1.0,5,177.109374
9.0,11,177.429729
0.0,6,177.695964
-1.0,5,177.839643
10.0,10,178.243726
0.158681,6,178.469562
9.0,9,178.806936
6.552057,9,179.15381
0.0,6,179.379628
-1.0,5,179.594534
-1.0,5,179.81243
8.0,8,180.089292
7.626732,9,180.479013
0.0,6,180.707902
-2.756723,6,180.890219
0.0,6,181.052835
0.0,6,181.370817
10.0,10,181.88008
9.0,9,182.068625
0.158681,6,182.280751
-0.373185,7,182.498711
-2.318366,6,182.755603
9.0,9,183.081547
0.0,6,183.223285
9.0,9,183.600962
0.0,6,183.731233
8.243919,12,184.146054
-2.0,8,184.490985
-1.0,5,184.712493
-2.577249,3,184.869822
-1.57953,4,185.070138
7.562943,10,185.466175
-3.39375,8,185.811127
-2.028562,6,186.016194
0.0,5,186.197481
-2.0,6,186.436311
-5.0,1,186.53979
6.633121,12,187.074054
3.537023,13,187.402717
0.0,5,187.520389
-0.57992,5,187.706569
0.420014,6,187.920639
-1.372771,6,188.257958
8.0,10,188.506996
7.314328,10,188.756462
-0.841249,5,188.895903
-1.366575,6,189.099327
7.095834,13,189.570255
9.0,9,189.833702
8.0,8,190.065099
-1.0,5,190.252251
-3.828709,8,190.669352
5.233443,11,191.211715
0.0,6,191.398509
9.0,9,191.782964
7.297505,10,192.174439
10.0,10,192.460971
-2.318366,7,192.702586
8.615844,10,193.101268
3.633425,6,193.278111
6.178129,12,194.25963
-1.0,5,194.482967
9.0,9,194.656622
-1.57953,4,194.823326
8.62673,10,195.173846
9.0,9,195.447206
1.0,7,195.87184
1.0,6,196.054946
-1.57953,4,196.208731
-1.0,5,196.438297
5.287521,13,196.910656
8.62673,10,197.336499
0.0,6,197.512549
-1.372771,6,197.75897
0.0,6,197.93392
-1.446814,6,198.196865
10.0,10,198.547294
0.0,6,198.786944
8.475491,13,199.268577
9.0,9,199.529592
7.0,10,199.851777
9.0,9,200.16568
1.626732,9,200.459472
-2.523997,6,200.619822
10.0,10,201.03938
-1.0,5,201.234733
9.0,9,201.433192
-0.460952,9,201.843333
7.550194,10,202.300471
8.616025,10,202.851666
0.0,6,203.048831
9.0,9,203.363924
-1.366575,7,203.527313
0.0,6,203.824025
-3.0,9,204.080421
7.472962,11,204.426364
9.615599,11,204.82031
5.805355,12,205.333683
9.0,9,205.733208
-3.356173,5,206.01889
7.616072,9,206.395531
5.468259,13,207.082629
7.562942,11,207.609866
-2.318366,5,207.751931
10.0,10,208.141992
8.0,8,208.431771
9.0,9,208.743963
1.615917,8,209.101914
0.0,6,209.354956
-1.0,5,209.561946
6.538588,13,210.059363
-1.299552,4,210.290452
8.681208,10,210.739333
7.617435,9,211.119763
7.185069,11,211.453889
7.259887,10,211.855754
-0.31878,7,212.105106
9.0,9,212.346412
-1.0,5,212.571838
-1.0,5,212.739808
7.536718,12,213.296378
-2.0,5,213.504816
-2.370348,6,213.817738
9.0,10,214.159261
9.0,9,214.523297
8.0,8,214.761899
8.618513,10,215.137802
0.0,6,215.430953
-1.372771,5,215.547364
10.0,10,215.861846
7.617435,12,216.14121
-1.0,5,216.38844
7.196107,11,216.896447
6.538722,10,217.309046
8.615645,10,217.556334
8.235026,11,217.818248
8.549894,11,217.999893
-1.646455,6,218.209342
-0.57992,5,218.458783
0.0,6,218.696799
8.615844,10,218.997077
-0.841249,5,219.189622
7.62673,10,219.429723
7.681208,9,219.77011
10.0,10,220.146055
9.616017,11,220.567304
9.0,9,220.855381
-1.0,5,221.038816
9.0,9,221.43708
8.615844,10,221.624386
6.552057,11,222.059287
8.616025,10,222.26202
-1.318719,5,222.483957
9.0,9,222.928164
7.245512,10,223.404357
-1.0,5,223.622947
10.0,10,223.95201
-5.0,1,224.046491
9.0,9,224.335678
9.0,9,224.784726
8.243919,11,225.089013
8.562943,11,225.544612
9.0,9,225.958311
7.0,10,226.410171
-2.729703,7,226.780265
-1.0,4,226.967499
-1.690719,7,227.254793
9.0,9,227.56689
8.615844,10,228.03701
-1.747991,6,228.479833
0.0,6,228.680145
-1.366575,6,228.853235
8.0,9,229.399934
-1.691921,6,229.62296
-1.0,7,230.2595
9.62673,11,231.413803
6.626744,10,232.79476
-4.0,6,233.355176
-1.379585,6,234.166955
7.626732,9,234.713187
0.0,6,235.344712
9.0,9,235.90219
-0.459116,9,237.278734
-3.075491,7,238.119843
0.0,6,238.931993
0.0,6,240.234555
0.0,6,240.826977
-1.740161,6,241.601223
0.0,6,242.118722
8.618513,10,242.918382
-0.460852,9,244.238689
8.0,8,245.454427
-1.379585,6,246.002409
0.0,6,246.612808
7.549949,10,248.17977
-2.436558,6,248.910848
9.618511,11,250.302386
-1.0,5,250.810586
8.552805,11,252.343427
10.0,10,254.310258
7.562943,10,256.166266
-1.318719,7,257.162814
0.0,6,258.452192
-1.372771,6,258.89176
0.0,6,259.904045
-1.366575,6,260.902951
-1.447446,7,262.127219
-0.841249,5,263.021402
8.285894,11,264.065589
10.0,10,265.036756
0.0,6,266.099733
10.0,10,267.234105
0.0,6,267.992535
-3.0,3,268.389987
-1.318719,6,269.121471
-2.0,4,269.578837
-2.373197,6,270.445488
-1.0,4,271.164366
7.615917,9,272.114402
8.616025,10,272.811134
5.190125,10,275.20329
9.0,9,276.586411
-0.299923,5,277.388774
-1.511731,8,278.71524
7.633114,10,279.78876
7.633114,9,280.905896
5.475109,13,283.290439
8.0,8,284.342216
-1.0,5,285.526116
8.616025,10,286.979471
9.0,9,289.175421
-0.381164,7,290.41456
7.633114,10,291.952071
-0.382068,7,293.169665
0.0,6,293.844027
-1.366575,6,294.806462
-2.440511,10,295.866661
-1.0,5,296.594501
9.0,9,297.625041
1.0,6,298.346229
8.618513,10,299.380799
9.0,9,300.088222
6.540872,10,302.904863
-1.0,5,303.70348
-0.381164,6,304.493428
6.959028,13,306.480673
9.0,9,307.699371
9.0,9,308.59377
10.0,10,310.257513
-2.365057,5,310.730958
9.0,9,311.570843
-1.208208,6,312.308278
8.615645,10,313.468896
-1.57953,4,313.953102
6.166139,11,315.184943
-1.366575,6,315.70953
9.0,9,317.750501
0.0,5,318.761092
-1.0,5,319.372219
-1.0,7,320.62367
-1.0,5,321.243034
0.0,6,322.183315
7.626732,9,323.087473
-1.372771,6,324.178163
10.0,10,325.268496
-1.0,5,325.686294
9.0,9,327.082479
-2.450139,10,328.603426
9.0,9,329.506089
9.0,9,330.33239
-2.436558,6,331.168613
-2.0,4,332.014531
-2.373197,6,332.935025
9.0,9,334.601194
-0.373185,7,335.552693
-3.316297,6,336.785408
-0.841249,5,337.231361
8.615844,10,338.444956
4.48569,13,338.984398
-1.0,6,339.193387
0.633121,8,339.513615
0.0,6,339.843464
-1.0,5,340.092899
4.0,9,340.429701
10.0,10,340.955575
6.618567,8,341.185712
-2.436558,6,341.442684
-2.523997,7,341.676676
0.0,6,341.9468
-1.0,4,342.155303
9.0,9,342.599951
0.0,6,342.827728
0.0,6,343.005101
0.0,5,343.146999
-1.0,5,343.390184
-0.382068,7,343.592479
0.0,6,343.910601
10.0,10,344.284311
9.0,9,344.557554
7.0,11,345.077734
7.475492,11,345.481923
-1.0,5,345.701438
8.681208,10,346.171736
7.257553,10,346.513033
9.0,9,346.78434
0.0,7,347.10437
0.0,6,347.26894
-2.0,4,347.391052
-2.945967,4,347.505836
7.633114,9,347.796552
7.617435,9,348.13534
-0.299923,5,348.352375
6.633121,12,348.894356
7.626732,10,349.280055
0.0,6,349.575695
9.0,9,349.890099
0.0,6,350.167562
7.253203,11,350.663184
9.0,9,350.881938
9.0,9,351.63325
8.0,8,351.960314
-2.871248,9,352.328242
9.615573,11,352.862723
-0.841249,5,353.050725
9.0,9,353.300579
9.0,10,353.695768
7.633114,9,354.190223
9.0,9,354.473358
0.0,6,354.649849
1.0,7,354.865877
9.0,9,355.083275
9.618511,11,355.481926
-1.446814,7,355.698994
-0.963021,6,355.906998
8.0,9,356.177088
0.0,5,356.345666
5.931712,10,356.768549
0.0,6,357.012674
0.0,6,357.300081
-1.0,5,357.406213
-1.0,4,357.581967
-1.373258,7,357.788029
-1.0,5,357.952316
10.0,10,358.320343
0.0,6,358.609699
9.0,9,358.888783
-1.0,5,359.066824
7.314328,10,359.582649
0.0,6,359.793618
-1.0,5,359.98296
7.475492,11,360.38398
7.61852,10,360.646674
9.0,9,360.949373
9.0,9,361.294499
3.0,9,361.586999
8.0,8,361.935724
0.0,6,362.098992
8.0,8,362.277125
7.562943,10,362.700105
9.0,9,362.975873
9.0,9,363.236259
7.616072,9,363.502263
8.617423,10,363.881348
8.550311,11,364.418595
-1.697431,7,364.628586
-1.379585,5,364.881094
0.0,6,365.043651
8.615844,10,365.382159
-2.0,4,365.52868
9.0,9,365.940631
0.626744,7,366.137228
8.243306,11,366.661192
-0.366834,7,366.891552
9.0,9,367.177846
7.633114,10,367.608994
8.550311,11,367.953909
0.0,6,368.106745
0.0,6,368.24826
-2.0,4,368.457929
-2.0,4,368.715362
9.0,9,368.983589
7.626732,11,369.312514
7.562943,10,369.696711
-0.382068,6,369.905993
-1.0,5,370.08212
9.0,9,370.524698
-0.961325,6,370.751537
-1.0,5,370.925341
8.62673,10,371.267185
9.615573,11,371.60912
0.0,6,371.804858
10.0,10,372.11628
0.0,6,372.402879
0.0,6,372.633675
9.0,9,372.965703
-2.373197,6,373.152482
-2.0,4,373.388915
9.0,9,373.851736
-1.57953,4,374.017241
-1.0,5,374.158919
-2.365057,5,374.310822
9.0,9,374.565852
1.0,7,374.756631
1.0,7,374.911859
10.0,10,375.400522
7.178945,11,375.841364
9.0,9,376.120594
9.0,9,376.462818
-0.299923,5,376.753012
-1.828358,8,377.008172
10.0,10,377.303442
-1.0,5,377.54349
-2.0,4,377.678448
9.0,9,377.878279
10.0,10,378.257453
9.0,9,378.70444
8.615844,10,379.103228
-5.0,1,379.209563
10.0,10,379.537495
-1.0,5,379.640281
-0.366834,7,379.827994
9.0,9,380.115806
-1.0,5,380.291393
0.0,6,380.524453
9.0,9,380.822895
9.0,9,381.182639
0.0,6,381.319649
9.0,9,381.650055
-1.0,5,381.773498
0.420014,6,381.898682
9.0,9,382.077188
8.616025,10,382.482672
0.0,5,382.667832
7.61852,9,382.873444
-2.0,4,383.053271
-1.675491,5,383.229684
9.0,9,383.416478
-0.841249,5,383.599883
-2.0,7,383.828831
0.0,5,384.114095
9.0,9,384.36661
-1.0,5,384.596783
8.0,9,384.939589
-1.0,5,385.116106
9.0,9,385.343325
-0.57992,5,385.471019
9.0,9,385.832437
-0.373185,6,386.044625
9.0,9,386.307539
9.0,9,386.569339
9.0,9,386.904157
8.0,8,387.166225
-5.0,1,387.238644
0.0,6,387.435879
9.0,9,387.616702
9.0,9,388.298778
10.0,10,388.698419
9.0,9,388.902171
7.459803,12,389.362031
0.0,5,389.592732
8.681208,10,389.756983
9.0,9,390.054338
0.0,5,390.34712
7.231081,11,390.559689
7.626732,9,390.883014
-5.0,1,390.951201
9.681208,11,391.312818
9.0,11,391.638458
10.0,10,391.810776
1.0,7,392.15515
-1.379585,6,392.353557
0.0,6,392.69133
9.0,9,393.027546
9.0,9,393.265059
0.0,6,393.624959
-1.0,5,393.804545
7.633114,9,394.14838
0.0,5,394.396981
7.615917,9,394.780601
7.250792,10,395.112152
-1.436972,8,395.284923
7.681208,10,395.699824
9.0,10,396.231636
9.0,9,396.717622
-0.299923,5,396.87589
8.0,8,397.110663
8.0,8,397.418224
-0.682533,6,397.586384
-0.373185,7,397.919231
0.420014,6,398.178792
7.229499,11,398.499351
10.0,10,398.910805
-2.0,4,399.094754
0.0,5,399.240314
-1.0,5,399.482039
8.0,8,399.774388
9.0,9,400.028392
9.0,9,400.269564
9.0,9,400.589552
7.077793,13,401.195392
-1.0,5,401.406803
9.615599,11,401.692667
9.0,9,401.980707
-1.373258,7,402.293809
-2.0,4,402.506319
-1.366575,6,402.806783
0.0,6,403.032968
9.0,9,403.503837
-1.0,5,403.705571
0.0,5,403.878797
7.297505,10,404.295342
9.0,9,404.508389
0.158681,6,404.707246
10.0,10,405.031945
-1.0,5,405.216453
0.0,6,405.502786
-1.366575,6,405.685294
7.196107,11,406.043392
0.0,6,406.270854
0.233019,10,406.722533
10.0,10,407.17354
7.287531,10,407.530498
0.0,6,407.764824
9.615832,11,407.947484
7.615917,9,408.277167
7.538666,11,408.687468
-1.0,6,408.856236
0.0,6,409.046412
-3.0,5,409.250614
0.0,5,409.448991
-0.44713,8,409.788296
-1.0,5,409.957005
0.0,6,410.21834
7.633114,9,410.61492
-1.0,6,410.808428
-1.0,6,411.110821
1.0,7,411.463263
9.0,9,411.945879
8.62673,11,412.446679
-2.0,4,412.619518
0.0,6,412.854197
6.562945,9,413.126538
-1.0,5,413.357458
-1.366575,5,413.496428
10.0,10,414.005848
-2.373197,7,414.308087
-1.0,5,414.515165
-1.0,5,414.720965
-1.0,5,414.869085
9.0,9,415.149775
0.0,6,415.276749
10.0,10,415.709158
9.0,9,415.975463
0.700013,6,416.127564
10.0,10,416.521782
0.0,6,416.674211
9.0,9,416.928097
-1.0,5,417.12396
10.0,10,417.448516
-1.366575,6,417.6051
9.0,9,417.905169
8.617423,10,418.411426
0.0,5,418.489305
9.0,9,418.85271
0.0,5,418.948522
0.0,5,419.141469
-1.0,5,419.353519
7.0,11,419.790826
7.552044,10,420.147483
0.0,6,420.328381
7.626732,9,420.643017
-1.0,5,420.832566
0.0,6,421.038696
8.615844,10,421.33189
-1.0,5,421.576467
9.0,9,421.875434
9.0,9,422.018823
7.552044,10,422.288898
9.0,9,422.49057
6.925997,11,422.889381
0.0,6,423.231409
-0.57992,5,423.333449
10.0,10,423.736972
10.0,10,423.906543
9.0,9,424.30867
-1.0,5,424.482322
1.0,7,424.722505
-1.379585,6,424.976054
-0.366834,7,425.24519
-2.0,4,425.410563
0.158681,6,425.889862
9.0,9,426.193895
1.0,7,426.410078
9.0,9,426.798276
8.0,8,427.102935
-1.372771,6,427.284183
-0.958767,6,427.464283
0.0,6,427.668016
0.0,6,427.876622
0.0,6,428.153529
0.0,6,428.35266
-2.0,4,428.518431
9.0,9,428.755432
0.0,6,428.948831
0.0,6,429.142498
9.0,9,429.550985
-1.0,5,429.737239
-1.318719,6,429.856228
-3.563902,2,429.954799
0.0,6,430.137827
-1.318719,6,430.442346
0.0,6,430.66911
10.0,10,430.923158
9.0,9,431.318368
-1.0,5,431.531983
10.0,10,431.940628
8.287469,11,432.561094
9.0,9,432.834511
9.0,9,433.066975
9.0,9,433.323002
8.0,10,433.624575
0.0,5,433.742933
10.0,10,434.184257
8.552042,11,434.517464
0.158681,6,434.855114
9.0,9,435.138296
10.0,10,435.46694
-1.0,5,435.656901
0.420014,6,435.902535
9.0,9,436.158301
9.0,9,436.433524
-0.382068,7,436.678243
-0.299923,5,436.857447
0.0,6,437.12331
10.0,10,437.454383
8.0,8,437.782466
9.0,9,438.141978
-1.0,5,438.342221
0.0,6,438.50133
0.0,6,438.61128
-1.0,5,438.818969
-1.84084,4,438.983292
-1.57953,4,439.269206
0.700013,6,439.507758
8.62673,10,439.911515
-1.0,5,440.084346
-0.539811,10,440.391004
10.0,10,440.754948
0.0,5,440.947804
0.0,6,441.190448
-2.0,5,441.40498
-2.0,5,441.560698
9.0,9,441.851074
9.0,9,442.19682
10.0,10,442.547715
1.0,7,442.765502
-2.444964,6,443.047326
9.0,9,443.509022
-0.373185,7,443.735314
9.0,9,444.255884
-1.379585,6,444.545813
9.0,9,444.846687
1.0,7,445.072081
9.0,9,445.45351
-1.0,5,445.648041
8.617423,10,445.990026
8.615844,10,446.325043
1.0,7,446.58056
-0.382068,7,446.890538
0.0,6,447.142447
-1.447446,7,447.564904
9.0,9,447.833956
-1.0,5,447.996547
10.0,10,448.335714
-2.318366,6,448.543682
-1.379585,6,448.811968
9.0,9,449.037798
6.536747,11,449.400138
8.235919,11,449.677453
9.0,9,449.921785
10.0,10,450.297114
0.0,7,450.568684
7.025853,13,451.134403
8.616025,10,451.499992
10.0,10,451.764091
7.681208,9,452.007788
10.0,10,452.297839
9.0,9,452.76423
10.0,10,453.149941
-4.981387,1,453.253481
0.0,5,453.440217
9.0,9,453.848504
9.0,9,454.190317
-2.0,4,454.395112
9.0,9,454.74764
0.0,6,454.906768
9.0,9,455.178267
0.0,6,455.292447
9.0,9,455.637274
-0.841249,5,455.826435
9.0,9,456.249184
9.0,9,456.593363
9.0,9,457.038937
0.0,5,457.238128
-2.0,4,457.513079
-2.676484,6,457.871529
9.0,9,458.134494
7.468711,13,458.977555
10.0,10,459.346192
-1.84084,4,459.485951
9.0,9,459.829742
1.0,7,460.094122
9.0,9,460.542922
11.0,11,460.958766
10.0,10,461.219369
-2.0,4,461.318391
-2.0,4,461.500553
-0.299923,5,461.691389
3.0,8,461.935786
0.0,5,462.094109
6.231071,11,462.829756
-2.0,4,462.926312
10.0,10,463.420804
-2.0,6,463.758165
-2.0,4,464.014899
-2.0,4,464.248726
9.0,9,464.588596
-1.447446,7,465.332767
6.483838,13,465.873639
10.0,10,466.143754
9.615599,11,466.504209
9.0,9,466.98583
0.0,6,467.161658
-1.84084,4,467.346333
1.0,7,467.605191
9.0,9,467.905945
9.0,9,468.22194
0.0,6,468.453731
0.0,5,468.689474
9.0,9,468.946561
0.0,5,469.125321
9.0,9,469.540236
8.62673,10,469.932839
10.0,10,470.233369
0.700013,6,470.496016
1.633114,8,470.875262
-1.0,5,470.958621
10.0,10,471.33477
-1.0,5,471.508622
-1.208208,6,471.890478
8.62673,10,472.265993
9.0,9,472.698557
1.0,6,472.854304
-1.0,5,473.055266
8.0,8,473.306394
10.0,10,473.68309
0.0,6,473.94564
7.523579,13,474.521557
-2.0,4,474.708281
0.0,7,474.945245
9.0,9,475.359872
0.0,6,475.555534
-0.57992,5,475.745147
10.0,10,476.223851
-1.0,5,476.445859
10.0,10,476.795631
-1.0,5,476.990691
10.0,10,477.378246
9.0,9,477.743278
0.0,6,477.969642
11.0,11,478.269351
8.633113,10,478.577737
10.0,10,478.758623
-1.0,5,478.929236
2.0,8,479.229598
9.0,9,479.61805
-0.366834,6,479.790923
-1.379585,6,480.020826
8.0,8,480.184282
0.0,6,480.405822
0.0,5,480.500987
0.0,6,480.610686
0.0,6,480.775501
0.0,6,480.894711
-1.0,5,481.185388
9.0,9,481.407474
9.0,9,481.685353
-1.0,5,481.895068
-1.731221,7,482.123321
9.0,9,482.392605
-1.0,5,482.558403
-1.0,5,482.779187
10.0,10,483.366513
-1.0,6,483.585505
10.0,10,483.970955
7.62673,10,484.489976
-0.381164,7,484.885998
8.0,8,485.235858
9.0,9,485.832888
-1.0,5,485.988438
9.0,9,486.332824
9.0,9,486.665787
9.0,9,486.865041
10.0,10,487.178822
9.0,9,487.475652
9.0,9,487.875638
-0.381164,7,488.198004
9.0,9,488.541104
9.0,9,488.716869
-1.208208,6,489.024639
0.0,6,489.3387
-2.0,5,489.485852
9.0,9,489.741282
0.0,6,489.888021
9.0,9,490.177695
9.0,9,490.3747
-1.0,5,490.620629
8.62673,10,490.927964
9.0,9,491.171972
9.0,9,491.549305
8.633113,10,491.859386
1.0,7,492.23879
9.0,9,492.562639
9.0,9,492.901092
0.0,6,493.104121
0.0,6,493.349635
8.0,8,493.655431
9.0,9,493.853599
10.0,10,494.169059
-0.931455,6,494.478399
9.617421,11,494.888053
-1.84084,4,495.048293
-1.0,5,495.274603
10.0,10,495.594929
9.0,9,495.83902
-1.0,5,496.111304
8.633113,10,496.406006
9.0,9,496.714066
9.0,9,497.002325
-1.0,5,497.214921
9.0,9,497.57293
10.0,10,497.892899
0.700013,6,498.132613
8.0,8,498.387777
-0.381164,7,498.545262
0.0,6,498.812474
0.0,7,499.049997
1.0,7,499.310858
7.617435,9,499.693914
1.0,7,499.85939
1.615917,9,500.048912
0.0,6,500.210685
-2.0,4,500.372883
9.0,10,500.686995
-2.0,5,500.818271
10.0,10,501.086739
9.0,9,501.37814
-0.681243,6,501.5652
10.0,10,501.80844
-2.0,5,502.045268
9.0,9,502.799294
8.681208,10,503.123584
10.0,10,503.727273
0.0,6,503.861467
7.681208,9,504.078442
9.0,9,504.346341
0.0,6,504.613465
8.681208,10,504.844385
-5.0,1,504.903975
-1.0,4,505.103436
8.615844,10,505.552207
0.700013,6,505.837521
0.0,6,506.066889
9.0,9,506.421022
0.0,6,506.693874
0.0,6,506.94583
-1.379585,6,507.168739
0.0,6,507.333614
0.0,5,507.51502
0.0,6,507.73758
8.618513,10,507.965166
-0.366834,7,508.212125
-1.0,6,508.319956
9.0,9,508.555604
0.158681,6,508.857933
9.0,10,509.131672
9.0,9,509.573755
10.0,10,509.792299
8.562943,11,510.268714
1.0,7,510.368431
0.0,6,510.615241
7.243579,10,511.015383
-1.379585,5,511.169657
9.0,9,511.446056
1.0,7,511.681006
-0.841249,5,511.838236
10.0,10,512.143075
8.0,8,512.497709
9.0,9,512.93811
-1.0,5,513.123836
9.0,9,513.529182
10.0,10,514.053852
10.0,10,514.287399
0.0,5,514.466079
-1.0,5,514.728088
9.0,9,515.062972
8.633113,10,515.42709
9.0,9,515.772484
6.233019,10,516.145772
0.0,6,516.327402
0.0,6,516.526441
-1.447446,7,516.849757
-2.0,4,517.084785
9.0,9,517.345345
-1.84084,4,517.481663
0.0,6,517.727899
-2.0,4,518.028492
-1.57953,4,518.123089
-2.0,4,518.245559
8.0,8,518.507162
9.0,9,518.943852
0.0,6,519.144435
8.0,8,519.391428
0.0,6,519.752555
-0.57992,5,519.904598
7.306361,10,520.253272
-1.740161,6,520.395869
-1.0,6,520.663183
9.0,9,521.006809
0.0,6,521.291417
0.0,6,521.561563
0.0,6,521.788242
10.0,10,522.208016
7.298358,12,522.61112
1.0,6,522.837088
9.0,9,523.051929
10.0,10,523.346835
10.0,11,523.889483
10.0,10,524.217565
10.0,10,524.544291
9.0,9,524.877803
-1.0,5,525.084955
9.0,9,525.556793
0.0,6,525.799825
7.287531,10,526.13574
-1.379585,5,526.358077
0.0,6,526.660902
-1.0,6,526.93199
9.0,9,527.26452
9.0,9,527.589476
10.0,10,527.857729
10.0,10,528.267734
-2.318366,5,528.495171
9.0,9,528.79006
-1.0,5,528.975135
8.0,8,529.395129
-1.0,5,529.654487
0.0,6,529.835931
7.617435,9,530.188874
7.54087,11,530.447957
0.0,6,530.621252
7.616072,9,530.914938
7.617435,9,531.276666
9.0,9,531.605127
8.0,8,532.013421
10.0,10,532.414902
9.0,9,532.679916
-1.0,5,532.84067
1.0,7,533.166224
8.0,8,533.455817
9.0,9,533.832894
1.0,7,534.131833
9.0,9,534.524695
9.0,9,534.826449
8.0,8,535.090214
0.0,6,535.225153
0.0,6,535.393139
10.0,10,535.627238
10.0,10,535.931599
8.615844,10,536.317774
3.0,4,536.479693
2.0,8,536.783226
-1.0,5,536.985103
9.0,9,537.361083
0.0,5,537.636562
-2.29738,3,537.769119
9.0,9,538.02638
-1.0,5,538.281193
8.562943,11,538.838966
9.0,9,539.101221
0.0,6,539.315194
9.0,9,539.714795
9.0,9,540.009041
8.0,8,540.406466
0.0,6,540.562388
0.0,6,540.816092
-1.57953,4,541.24901
7.633114,9,541.604033
8.616025,10,541.896624
-0.57992,5,542.083311
-0.841249,5,542.266867
0.700013,6,542.423768
0.420014,6,542.572253
0.158681,6,542.789535
10.0,10,543.204995
9.0,9,543.523577
-1.0,5,543.751714
8.0,8,544.036569
9.0,9,544.534543
9.0,9,545.005484
10.0,10,545.453567
10.0,10,545.932317
10.0,10,546.260049
9.0,9,546.444983
7.626732,9,546.756024
10.0,10,546.964055
0.0,6,547.17183
6.536731,11,547.638456
8.0,8,547.957715
8.0,8,548.293071
1.0,6,548.495071
9.0,9,548.744088
9.0,9,549.140483
10.0,10,549.479818
-1.0,5,549.655931
-1.84084,4,549.795616
9.0,9,550.00935
0.0,6,550.190786
-1.0,5,550.301357
-5.0,1,550.35761
10.0,10,550.667067
8.0,8,550.925222
-1.0,5,551.15487
5.0,6,551.344098
9.0,9,551.595319
7.617435,10,551.92609
10.0,10,552.361935
8.617423,10,552.711092
0.0,6,552.97574
10.0,10,553.401889
10.0,10,553.701826
10.0,10,554.030766
0.0,6,554.327225
0.0,5,554.456202
10.0,10,554.831731
-1.0,5,555.040567
-1.0,5,555.154679
9.0,9,555.28475
8.615645,10,555.750046
-1.0,5,556.059839
1.0,7,556.28883
-0.299923,5,556.42008
6.562945,9,556.65667
0.0,6,556.847015
8.0,8,557.083942
0.0,6,557.355404
0.0,6,557.569082
0.0,6,557.783583
-1.0,5,557.978936
9.0,9,558.36685
1.0,7,558.542038
-1.0,5,558.746758
0.0,5,558.955766
0.0,6,559.199279
9.0,9,559.389367
9.0,9,559.599375
-1.0,5,559.87595
10.0,10,560.266975
-1.0,5,560.485003
0.158681,6,560.698327
9.0,9,560.948383
0.158681,6,561.084864
9.0,9,561.479011
9.0,9,561.68888
-0.841249,5,561.827227
9.0,9,562.328239
0.0,5,562.597559
0.0,6,562.76261
9.0,9,562.992134
9.0,9,563.354647
9.0,9,563.71401
0.0,6,563.841
1.0,7,564.116831
9.0,9,564.468494
9.0,9,564.807981
-1.84084,4,564.955629
7.615917,9,565.246712
0.0,6,565.441455
10.0,10,565.673071
8.0,8,566.049913
10.0,10,566.349516
-2.0,4,566.5522
9.0,9,566.770387
7.314328,10,567.107134
0.0,6,567.191442
-1.0,5,567.360999
0.0,5,567.549937
0.0,5,567.661281
1.700002,7,567.938802
-1.0,5,568.108291
-1.0,5,568.25039
10.0,10,568.72275
-0.841249,5,568.902899
0.0,6,569.144725
-3.372844,5,569.277364
10.0,10,569.726777
9.0,9,570.03049
10.0,10,570.528739
8.0,8,570.805005
-1.0,5,570.963975
9.0,9,571.141954
9.0,9,571.436142
-1.0,5,571.568944
10.0,10,571.860666
8.615645,10,572.26271
7.617435,9,572.512069
0.0,6,572.786515
0.0,6,572.971847
0.0,6,573.264412
9.0,9,573.543026
9.0,9,573.816881
9.0,9,573.987967
11.0,11,574.228211
9.0,9,574.655676
0.0,5,574.771343
10.0,10,575.2611
0.0,6,575.5041
-1.0,5,575.638763
9.0,9,575.944912
10.0,10,576.248282
10.0,10,576.512589
9.0,9,576.776727
8.0,8,577.381445
9.0,9,577.833359
0.0,6,578.073439
-1.0,5,578.251135
-1.0,5,578.391503
10.0,10,578.724175
9.0,9,578.983726
-0.299923,5,579.203165
9.0,9,579.589941
10.0,10,579.976632
0.0,6,580.169676
0.0,6,580.389493
0.0,6,580.671704
10.0,10,580.979455
1.0,7,581.254994
-1.0,5,581.390434
9.0,9,581.63716
0.0,5,581.820146
0.0,7,582.032271
9.0,9,582.439467
-1.0,5,582.760054
-1.0,5,583.096847
9.0,9,583.46921
-1.0,5,583.750404
9.0,9,584.386689
9.0,9,584.897657
-1.0,5,585.245265
9.0,9,585.753791
10.0,10,586.529007
9.0,9,586.898641
7.288122,10,587.492153
-0.299923,5,587.722016
8.0,8,588.033634
0.0,6,588.27327
9.0,9,588.586112
0.0,6,588.79394
9.0,9,589.133945
-1.0,5,589.401154
8.0,8,589.641793
1.0,6,589.854265
9.0,9,590.221029
-1.84084,4,590.409634
-1.0,5,590.651872
-1.318719,6,590.865038
0.0,6,591.094581
9.0,9,591.461208
-1.372771,6,591.679117
9.0,9,591.904599
1.0,7,592.127362
9.0,9,592.531016
-1.0,5,592.727289
-0.946861,6,593.036734
-2.365057,5,593.204489
1.0,7,593.483699
9.0,9,593.722411
-0.931455,6,593.941763
0.420014,6,594.296465
9.0,9,594.670847
0.0,6,594.832242
-0.841249,5,595.00704
-2.0,4,595.264172
9.0,9,595.653892
-2.673051,4,595.808481
0.0,6,596.040977
8.0,8,596.241561
9.0,9,596.625467
8.562943,11,597.000371
10.0,10,597.344294
9.0,9,597.602041
-1.0,5,597.853205
10.0,10,598.350837
-5.0,1,598.395571
9.0,9,598.766007
0.0,5,598.997635
0.0,6,599.290623
10.0,10,599.534488
-0.841249,5,599.735772
0.0,6,600.039455
8.633113,10,600.486599
8.0,8,600.753397
0.0,6,600.945117
9.0,9,601.156148
1.0,7,601.486816
10.0,10,601.923528
10.0,10,602.284799
7.626732,9,602.5906
9.0,9,602.94282
9.0,9,603.360358
-1.0,5,603.522662
-1.0,5,603.655275
-1.446814,7,603.85587
9.0,9,604.150421
-1.0,5,604.461166
9.0,9,604.815007
-1.0,5,605.005206
-1.0,5,605.284181
0.0,6,605.522299
8.0,8,605.842781
8.0,8,606.329075
10.0,10,606.561009
9.0,9,606.78752
0.0,6,606.996659
9.0,9,607.215447
9.615573,11,607.550467
0.0,6,607.824684
-1.0,5,607.945678
9.0,9,608.189309
-1.0,5,608.337649
9.0,9,608.495892
9.0,9,608.896083
9.0,9,609.271805
0.0,6,609.421528
0.0,5,609.577275
-2.0,5,609.762458
-0.57992,5,609.873787
9.0,9,610.269257
-1.366575,6,610.450764
0.0,6,610.715412
-2.0,4,610.894933
0.0,6,611.114782
0.0,6,611.361617
7.681208,9,611.748707
0.0,6,611.949421
0.0,6,612.197778
9.0,9,612.536581
10.0,10,612.865885
9.0,9,613.235825
0.0,6,613.416544
11.0,11,613.617805
9.0,9,613.944934
9.0,9,614.238024
-2.0,4,614.430505
-1.0,5,614.661667
0.0,6,614.883086
0.0,6,615.057443
10.0,10,615.660251
8.0,8,616.004938
1.0,7,616.353483
9.0,9,616.618095
-0.31878,7,617.088193
5.0,6,617.43278
-1.379585,6,617.743792
-1.0,5,618.335808
0.0,5,618.466593
9.0,9,618.840945
9.0,9,619.473045
9.0,9,619.870059
9.0,9,620.190608
0.0,6,620.362078
-4.0,2,620.501477
8.0,9,620.873658
9.0,9,621.011048
0.700013,6,621.175292
9.0,9,621.443216
9.0,9,621.761799
11.0,11,622.025189
0.0,6,622.203291
9.0,9,622.573148
-1.0,5,622.744546
9.0,9,623.002703
-2.318366,5,623.21591
9.0,9,623.53152
0.0,6,623.727503
1.0,7,624.030949
0.0,6,624.253884
1.0,7,624.434593
7.61852,9,624.854335
0.0,6,625.077123
-0.841249,5,625.239735
-2.0,6,625.577825
0.0,6,625.732807
1.0,7,625.999274
-1.0,5,626.278292
7.617435,9,626.57878
8.617423,10,626.99024
-1.0,5,627.307477
2.0,8,627.726438
0.0,5,627.985691
-2.0,4,628.292056
-1.0,5,628.443836
-1.0,5,628.701425
-1.0,5,628.932477
9.0,9,629.348949
8.616025,10,629.65814
-0.57992,5,629.959762
10.0,10,630.295527
0.0,6,630.57067
10.0,10,631.038159
8.681208,10,631.23391
1.420002,7,631.550972
10.0,10,631.906773
9.0,9,632.188445
-0.841249,5,632.319819
9.0,9,632.690177
0.0,6,632.911959
9.0,9,633.160925
9.0,9,633.595333
9.0,9,633.957208
9.0,9,634.190321
-1.0,5,634.401951
-1.0,5,634.576116
8.617423,10,634.958379
10.0,10,635.315839
1.420002,7,635.647293
-0.299923,5,635.956547
10.0,10,636.323457
9.0,9,636.613008
-1.0,6,636.770766
-1.0,5,636.894679
0.0,6,637.045022
3.0,8,637.521809
-1.0,5,637.807709
9.0,9,638.297951
0.0,6,638.536142
0.0,6,638.704252
10.0,10,638.985115
9.0,9,639.344261
0.0,6,639.705408
8.62673,10,640.082588
9.0,9,640.403232
-1.84084,4,640.604286
9.0,9,641.133472
0.0,6,641.366819
9.0,9,641.626004
9.0,9,641.91467
-1.0,5,642.193326
9.0,9,642.58112
0.0,6,642.982552
10.0,10,643.271406
-1.0,5,643.534644
10.0,10,643.985337
-2.0,6,644.40987
-0.299923,5,644.587132
-2.0,4,644.813613
-2.0,4,645.051208
7.626732,9,645.381939
9.0,9,645.807494
8.0,8,645.996246
-1.0,5,646.283373
0.0,6,646.529136
0.0,6,646.729805
0.0,6,646.958142
-1.666651,5,647.175496
9.0,9,647.504762
1.0,7,647.79371
0.0,6,648.065791
-2.0,5,648.306077
9.0,9,648.568271
-5.0,1,648.637477
7.539083,11,649.226296
0.0,6,649.450563
10.0,10,649.656339
10.0,10,650.09477
-2.0,4,650.245816
-0.299923,5,650.534765
-1.0,5,650.730346
10.0,10,651.135892
0.0,6,651.313054
-1.0,5,651.543746
-1.0,5,651.669566
8.0,8,651.851494
9.0,9,652.176829
7.206977,13,652.539824
-1.0,5,652.674862
-2.365057,6,652.903592
9.0,9,653.330327
-1.0,5,653.495027
-0.841249,5,653.693064
0.0,6,653.91
9.0,9,654.192181
8.0,8,654.516672
3.0,9,654.895395
-2.0,6,655.094326
-2.302137,7,655.480217
9.0,9,655.821872
0.0,6,656.097254
-1.0,5,656.396337
0.0,6,656.591198
10.0,10,656.988264
8.0,8,657.339315
-1.0,5,2157.313944
10.0,10,2158.105296
10.0,10,2158.761919
-5.0,1,2158.868968
9.0,9,2160.194731
8.0,8,2161.187033
9.0,9,2161.701927
8.681208,10,2162.220937
-0.57992,5,2162.404461
0.0,6,2162.657897
11.0,11,2163.018613
10.0,10,2163.447155
9.0,9,2163.790677
-1.0,5,2163.923276
9.0,9,2164.310357
-1.0,5,2164.476573
9.0,9,2164.806681
9.0,9,2165.044743
10.0,10,2165.326169
10.0,10,2165.720972
-1.318719,6,2165.876438
8.0,8,2166.091167
-1.84084,4,2166.192526
9.0,9,2166.495871
-1.436972,7,2166.746226
8.615844,10,2167.0265
-1.0,5,2167.321284
-2.0,4,2167.47268
-1.0,5,2167.634121
9.0,9,2168.149388
10.0,10,2168.6261
-0.299923,5,2168.751555
9.0,9,2169.229536
0.0,6,2169.601524
-3.447459,6,2169.915428
-1.0,5,2170.153524
7.616072,9,2170.501631
0.0,6,2170.69013
10.0,10,2171.092621
-1.0,5,2171.263124
10.0,10,2171.670721
0.0,6,2171.881603
7.61852,9,2172.166536
-1.0,5,2172.332605
10.0,10,2172.581604
0.0,6,2172.836769
0.0,5,2172.979884
8.0,9,2173.487713
9.0,9,2173.805307
0.0,6,2174.076299
9.0,9,2174.20643
10.0,10,2174.52741
9.0,10,2174.909245
9.0,9,2175.165881
0.0,6,2175.364673
-1.84084,4,2175.534718
9.0,9,2175.806116
9.0,9,2176.112702
9.0,9,2176.51746
0.700013,6,2176.708988
10.0,10,2177.120823
-0.299923,5,2177.375377
9.0,9,2177.869665
9.0,9,2178.240916
-1.0,5,2178.468906
0.0,6,2178.789808
-2.318366,5,2179.051284
-1.0,5,2179.293079
0.0,6,2179.524494
9.0,9,2180.027656
-2.0,4,2180.207827
-2.318366,5,2180.382362
9.0,9,2180.657919
9.0,9,2180.922793
9.0,9,2181.209862
-0.57992,5,2181.323531
-1.0,5,2181.580583
-2.0,4,2181.804738
0.0,6,2182.10252
9.0,9,2182.474706
-2.0,4,2182.637325
2.0,8,2182.986952
8.681208,10,2183.321569
-1.0,5,2183.489013
9.0,9,2183.785416
0.0,6,2184.042971
9.0,9,2184.325683
9.0,9,2184.616317
9.0,9,2184.881327
-1.0,5,2185.148255
0.0,5,2185.382814
0.0,6,2185.574088
0.0,6,2185.765525
0.0,6,2185.957252
-0.57992,5,2186.131201
9.0,9,2186.324283
11.0,11,2186.765447
9.0,9,2187.153064
10.0,10,2187.369617
-1.0,5,2187.549984
9.0,9,2187.743804
0.0,6,2187.962269
8.0,8,2188.135002
-1.0,5,2188.323031
-2.0,4,2188.43021
9.0,9,2188.71844
-1.372771,6,2188.987024
9.0,9,2189.124392
9.0,9,2189.501385
0.0,6,2189.801924
10.0,10,2190.246965
4.0,6,2190.529536
0.0,6,2190.710286
9.0,9,2190.931212
-2.0,4,2191.076024
8.0,8,2191.337664
0.0,6,2191.505522
9.0,9,2192.087668
0.700013,6,2192.288171
-0.299923,5,2192.398496
9.0,9,2192.666267
10.0,10,2193.145679
-2.0,4,2193.326754
9.0,9,2194.200664
9.0,9,2194.610414
9.0,9,2195.060676
9.0,9,2195.356565
9.0,9,2195.661931
0.700013,6,2195.819372
-1.0,5,2196.01465
-1.379585,6,2196.573535
9.0,9,2197.315686
0.0,6,2197.676752
9.0,9,2198.185679
8.0,8,2198.368639
0.0,6,2198.598276
10.0,10,2198.992522
-1.366575,6,2199.180856
-0.57992,5,2199.368305
9.0,9,2199.803304
8.0,8,2200.130734
9.0,9,2200.517577
7.626732,9,2201.065856
0.0,6,2201.663979
9.0,9,2202.120729
9.0,9,2202.530697
0.0,6,2202.875706
9.0,9,2203.206124
0.0,6,2203.527827
-1.0,5,2203.747327
0.0,6,2203.917638
-1.0,5,2204.123048
-2.0,4,2204.339221
10.0,10,2204.770113
8.615645,10,2205.180778
-2.0,4,2205.300601
1.0,7,2205.617819
9.0,9,2206.028299
-1.0,5,2206.149001
8.0,8,2206.57799
10.0,10,2206.936256
-2.0,4,2207.154434
9.0,9,2207.593887
9.0,9,2208.042037
1.0,7,2208.191728
-2.444964,6,2208.349251
-2.0,4,2208.520439
-1.299552,4,2208.705141
0.0,6,2208.868105
9.0,9,2209.288331
9.0,9,2209.755999
-1.0,5,2209.941227
0.0,5,2210.055408
0.0,6,2210.215789
0.0,6,2210.363293
8.633113,10,2210.542463
0.158681,6,2210.769194
9.0,9,2210.979712
10.0,10,2211.402436
9.0,9,2211.592276
-2.0,4,2211.737716
-1.0,5,2211.875237
10.0,10,2212.228884
8.0,8,2212.525524
-1.0,5,2212.740962
-0.299923,5,2212.93661
10.0,10,2213.299984
9.0,9,2213.499844
7.681208,9,2213.794043
-3.0,2,2213.894967
8.0,8,2214.273443
-1.0,5,2214.488837
1.0,7,2214.683838
0.0,6,2214.888888
0.158681,6,2215.212677
-1.0,5,2215.414459
0.0,5,2215.520309
-1.0,5,2215.683137
0.0,6,2215.885487
0.0,6,2216.009409
0.0,6,2216.319414
9.0,9,2216.599112
0.0,6,2216.752344
8.0,8,2217.045218
1.0,7,2217.28308
0.0,6,2217.560184
8.0,9,2217.970799
9.0,9,2218.101916
10.0,10,2218.344833
-1.0,5,2218.563605
1.0,7,2218.705764
0.700013,6,2218.89958
-0.841249,5,2219.133748
-1.0,5,2219.459735
0.0,6,2219.586859
9.0,9,2219.812281
9.0,9,2220.059295
0.158681,6,2220.326437
10.0,10,2220.687599
0.420014,6,2220.819865
-2.0,4,2221.029612
-0.381164,7,2221.350197
0.0,6,2221.570153
-1.0,5,2221.77691
9.0,9,2222.017038
10.0,10,2222.371179
10.0,10,2222.71981
-1.0,5,2222.988402
0.0,6,2223.204465
9.0,9,2223.607134
9.0,9,2223.966296
9.0,9,2224.408432
10.0,10,2224.742403
8.0,8,2225.007287
9.0,9,2225.299237
-1.0,5,2225.489527
-1.0,5,2225.711707
1.0,7,2225.88923
10.0,10,2226.312423
9.0,9,2226.641357
0.0,6,2226.803946
-1.0,5,2226.900971
0.0,6,2227.072595
9.0,9,2227.371365
9.0,9,2227.707797
10.0,10,2227.954243
8.0,8,2228.250664
10.0,10,2228.577715
-0.57992,5,2228.764772
0.0,6,2228.976627
10.0,10,2229.353725
9.0,9,2229.586602
7.549949,10,2229.977293
-1.0,5,2230.278533
9.0,9,2230.644083
-1.0,5,2230.782935
-1.0,5,2231.029503
-1.299552,4,2231.144519
-1.0,5,2231.368936
7.562943,10,2231.503008
0.0,6,2231.798264
9.0,9,2232.082522
-1.0,5,2232.252847
-1.0,5,2232.476612
0.0,6,2232.711361
1.0,7,2232.892105
9.0,9,2233.038184
8.0,8,2233.387743
7.54087,11,2233.652291
1.0,7,2233.867893
0.0,6,2234.07928
9.0,9,2234.448825
2.036021,9,2234.955194
0.0,6,2235.151655
10.0,10,2235.547343
9.0,9,2235.698474
10.0,10,2235.976464
-1.0,5,2236.17659
8.0,8,2236.338258
10.0,10,2236.582627
-1.0,5,2236.723786
-0.57992,5,2237.017196
9.0,9,2237.284547
7.550321,10,2237.75092
-0.963021,6,2238.021914
9.0,9,2238.453897
0.0,6,2238.756244
1.0,6,2238.902451
0.0,5,2239.028909
0.0,6,2239.347992
-0.299923,5,2239.560031
-2.29738,3,2239.71947
10.0,10,2240.043827
-1.0,5,2240.178493
-1.0,5,2240.351288
-2.0,4,2240.511344
0.0,5,2240.671725
8.0,8,2241.038372
10.0,10,2241.454566
8.0,10,2241.883148
9.0,9,2242.218478
0.0,6,2242.376007
0.0,6,2242.60605
9.0,9,2243.017538
8.0,8,2243.343917
9.618511,11,2243.811566
9.0,9,2244.099429
9.0,9,2244.441399
-2.0,4,2244.652433
1.0,7,2244.837817
10.0,10,2245.333895
0.700013,6,2245.501086
0.0,6,2245.745808
9.0,9,2246.020129
9.0,9,2246.437568
0.0,6,2246.630828
9.0,9,2246.854001
0.0,6,2247.03168
9.0,9,2247.197035
7.615917,9,2247.561076
10.0,10,2247.873875
8.0,8,2248.20515
0.0,5,2248.462175
-2.318366,5,2248.618665
9.0,9,2248.968896
0.0,6,2249.197156
-1.0,5,2249.376336
-1.0,5,2249.589368
0.0,5,2249.707237
8.0,8,2250.088073
0.0,5,2250.203957
8.616025,10,2250.565484
9.0,9,2250.858632
9.0,9,2251.290645
10.0,10,2251.583236
-1.0,5,2251.748039
-2.0,4,2251.935064
0.700013,6,2252.063327
-2.0,4,2252.205045
-2.0,4,2252.359098
0.0,6,2252.540523
0.0,6,2252.761255
8.0,8,2253.025705
-0.57992,5,2253.174796
9.0,9,2253.534035
0.0,5,2253.679562
7.626732,9,2254.076209
9.0,9,2254.419407
-1.0,5,2254.613385
-1.0,5,2254.819577
-1.0,5,2254.962132
9.0,9,2255.283201
0.0,5,2255.469392
-1.0,5,2255.659573
-2.0,4,2255.739108
-2.449806,8,2255.994345
-1.84084,4,2256.160253
9.0,9,2256.420077
1.0,7,2256.740745
0.0,6,2256.88787
9.0,9,2257.439446
10.0,10,2257.743633
9.0,9,2258.241673
0.77718,8,2258.622449
0.0,6,2258.818567
-1.0,5,2259.063326
0.0,6,2259.206631
-5.0,1,2259.292832
0.0,5,2259.403576
9.0,9,2259.678169
-1.0,5,2259.839358
8.633113,10,2260.2497
10.0,10,2260.528381
-5.0,1,2260.569584
9.0,9,2260.79977
0.0,6,2261.071984
0.0,5,2261.241478
0.0,5,2261.572039
0.0,6,2261.80472
10.0,10,2262.340787
-1.299552,4,2262.537323
-1.0,5,2262.671979
0.0,6,2262.842545
9.0,9,2263.113517
0.158681,6,2263.326045
-1.0,5,2263.57672
7.616072,9,2263.940343
0.0,5,2264.250473
9.0,9,2264.469738
0.0,6,2264.61917
1.0,7,2264.769626
0.0,6,2264.892343
0.0,6,2265.093359
9.0,9,2265.415288
1.0,6,2265.632639
0.0,6,2265.841003
10.0,10,2265.992557
9.0,9,2266.240088
9.0,9,2266.476702
-1.57953,4,2266.626256
9.0,9,2266.839383
-0.57992,5,2267.045559
-1.0,5,2267.263005
-2.0,4,2267.535086
8.615645,10,2267.792017
10.0,10,2268.208594
-1.0,5,2268.384777
9.0,9,2268.719582
8.0,10,2269.167996
3.0,9,2269.475903
9.0,9,2269.867697
9.0,9,2270.168349
8.549876,11,2270.422603
0.0,5,2270.643932
-1.0,5,2270.812238
9.0,9,2271.07476
0.0,6,2271.280908
-1.0,5,2271.514346
-0.841249,5,2271.75054
0.0,5,2271.890392
-0.299923,5,2272.124634
10.0,10,2272.387165
9.0,9,2272.632717
9.0,9,2272.91128
-1.0,5,2273.144915
-1.0,4,2273.280706
-1.57953,4,2273.380688
8.0,8,2273.720337
-2.0,4,2273.908985
0.0,6,2274.080865
-1.57953,4,2274.159041
10.0,10,2274.639623
10.0,10,2275.056574
9.0,9,2275.495784
-1.0,5,2275.921324
9.0,9,2276.476063
10.0,10,2276.739713
8.615844,10,2277.026422
8.0,8,2277.215492
9.0,9,2277.598508
0.0,6,2277.824444
8.0,8,2278.023114
11.0,11,2278.492131
10.0,10,2278.89219
10.0,10,2279.163203
-1.0,5,2279.391147
9.617421,11,2279.678593
-1.57953,4,2279.806508
4.0,5,2279.99549
-2.382567,7,2280.296292
9.0,9,2280.604923
-1.0,5,2280.854077
7.62673,10,2281.297235
-1.0,5,2281.432135
0.0,6,2281.698851
0.0,6,2281.912728
9.0,9,2282.322981
1.0,6,2282.474771
-1.84084,4,2282.650654
10.0,10,2282.962002
9.0,9,2283.17558
0.0,6,2283.543606
8.0,8,2283.813068
9.0,9,2284.397088
9.0,9,2284.819844
10.0,10,2285.399305
8.0,8,2285.613505
0.0,6,2285.831495
10.0,10,2286.193352
9.0,9,2286.559259
9.0,9,2286.797809
10.0,10,2286.982619
8.0,8,2287.195827
9.0,9,2287.661318
-1.0,5,2287.884013
-1.447446,7,2288.111341
9.0,9,2288.301272
9.0,9,2288.637811
-1.299552,4,2288.735044
0.0,6,2288.89404
-2.0,4,2289.066911
-2.0,4,2289.229774
-1.0,5,2289.536558
-1.0,5,2289.717853
-2.29738,3,2289.898943
-5.0,1,2290.007628
-1.0,5,2290.180092
1.0,7,2290.485547
10.0,10,2290.96279
9.0,9,2291.142987
10.0,10,2291.487112
10.0,10,2291.830257
0.0,6,2292.046389
0.0,6,2292.11182
0.0,5,2292.300713
9.0,9,2292.57023
0.0,5,2292.730355
10.0,10,2293.129746
9.0,9,2293.459352
1.0,7,2293.660562
9.0,9,2293.862264
1.0,7,2294.062663
0.0,6,2294.246945
9.0,9,2294.685646
0.0,6,2294.924126
-0.57992,5,2295.099678
0.0,6,2295.320933
0.420014,6,2295.532086
9.0,9,2295.880221
9.0,9,2296.206081
9.0,9,2296.561442
-1.0,5,2296.678461
9.0,9,2296.950913
0.0,6,2297.158381
9.0,9,2297.47124
9.0,9,2297.749795
9.0,9,2298.00656
-0.299923,5,2298.187171
9.0,9,2298.535769
0.158681,6,2298.750355
-1.0,4,2298.92695
10.0,10,2299.246592
-1.379585,6,2299.413615
9.0,9,2299.653589
-1.0,5,2299.813015
9.0,9,2300.069217
0.0,6,2300.337503
1.0,7,2300.591817
0.0,6,2300.993587
8.0,8,2301.383692
9.0,9,2301.666944
9.0,9,2302.024292
0.0,6,2302.216135
0.0,5,2302.327273
-1.459043,8,2302.569991
8.0,8,2302.99569
-1.0,5,2303.201825
-1.0,5,2303.346561
9.0,9,2303.643725
9.0,9,2303.911187
0.0,6,2304.081704
-2.0,4,2304.353703
9.0,9,2304.61597
-1.0,5,2304.869882
10.0,10,2305.277328
6.552057,9,2305.448771
9.0,9,2305.744711
8.0,9,2305.997029
-1.0,5,2306.124173
10.0,10,2306.521688
0.0,6,2306.692116
10.0,10,2307.05231
9.0,9,2307.501461
9.0,9,2307.847139
7.617435,9,2308.126227
-1.0,5,2308.325496
9.0,9,2308.461553
9.0,9,2308.813012
10.0,10,2309.006204
1.0,7,2309.146468
10.0,10,2309.567486
10.0,10,2309.966919
9.0,9,2310.303648
-2.208147,5,2310.429748
0.0,6,2310.608445
0.0,5,2310.751019
10.0,10,2310.99568
9.0,9,2311.219177
-1.0,5,2311.387377
11.0,11,2311.800822
0.0,6,2311.987825
9.0,9,2312.622109
10.0,10,2313.137708
9.0,9,2313.436233
8.0,8,2313.570755
-1.0,5,2313.787548
9.0,9,2314.096177
0.0,6,2314.300897
0.0,6,2314.537461
0.0,6,2314.870951
9.0,9,2315.212233
-0.57992,5,2315.35964
9.0,9,2315.645775
-2.0,4,2315.863163
-3.0,7,2316.087325
9.0,9,2316.225564
9.0,9,2316.560376
9.0,9,2316.913778
9.0,9,2317.237578
10.0,10,2317.600682
0.0,5,2317.760881
8.0,8,2318.186125
9.0,9,2318.553044
-1.0,5,2318.6906
-1.84084,4,2318.877862
10.0,10,2319.335167
-1.0,5,2319.594553
-1.0,5,2319.792188
1.0,7,2319.94203
9.0,9,2320.209724
10.0,10,2320.433892
-0.675908,6,2320.747998
0.0,6,2321.024146
0.0,5,2321.125381
9.0,9,2321.55365
0.0,6,2321.81311
-1.299552,4,2321.944918
-1.0,5,2322.127918
9.0,9,2322.572848
10.0,10,2323.089012
10.0,10,2323.463257
9.0,9,2323.760996
9.0,9,2324.259999
9.0,9,2324.549957
-1.0,5,2324.66255
10.0,10,2324.973551
0.0,6,2325.206896
-1.436972,7,2325.454222
10.0,10,2325.871697
9.0,9,2326.23276
10.0,10,2326.547875
10.0,10,2326.999264
9.0,9,2327.2112
-1.84084,4,2327.338851
1.0,7,2327.632986
8.552042,11,2328.006577
1.0,7,2328.311296
8.618513,10,2328.680743
9.0,9,2329.011679
-1.0,5,2329.205094
10.0,10,2329.470662
10.0,10,2329.693604
9.0,9,2330.012316
0.0,6,2330.250119
0.0,6,2330.424198
-1.0,5,2330.627928
10.0,10,2330.998103
9.0,9,2331.255034
9.0,9,2331.544676
-0.841249,5,2331.69474
9.0,9,2332.112869
0.0,6,2332.278341
-2.0,4,2332.475477
9.0,9,2332.685913
9.0,9,2332.936315
9.0,9,2333.178589
4.0,5,2333.371541
10.0,10,2333.829679
9.0,9,2334.242608
10.0,10,2334.579637
0.0,6,2334.855389
9.0,9,2335.097144
-1.0,5,2335.311798
10.0,10,2335.844773
10.0,10,2336.24558
10.0,10,2336.44567
-0.841249,5,2336.626587
9.0,9,2336.758452
-2.0,4,2336.883105
9.0,9,2337.174866
9.0,9,2337.392778
0.0,6,2337.752254
9.0,9,2338.106199
10.0,10,2338.388785
0.0,6,2338.570455
-3.0,3,2338.69482
8.0,8,2338.911987
8.62673,10,2339.298469
9.0,9,2339.604087
9.0,9,2340.067378
10.0,10,2340.472573
11.0,11,2340.895992
-0.958767,6,2341.089771
0.0,5,2341.223269
-2.687862,6,2341.48185
0.0,6,2341.707536
8.0,8,2341.923198
1.0,7,2342.163206
0.0,6,2342.41706
9.0,9,2342.754098
10.0,10,2343.040738
10.0,10,2343.553589
-1.0,5,2343.75781
-1.0,5,2343.941452
-0.299923,5,2344.037638
8.0,8,2344.283643
0.700013,6,2344.553865
10.0,10,2344.918829
-1.675491,5,2345.159795
10.0,10,2345.36016
8.550182,11,2345.660521
-0.299923,5,2345.772814
10.0,10,2346.22774
9.0,9,2346.465156
-1.0,5,2346.649183
-1.0,5,2346.952319
8.552042,11,2347.43942
0.0,6,2347.66488
0.0,5,2347.856491
0.0,6,2348.143997
9.0,9,2348.41807
0.0,6,2348.655912
-0.841249,5,2348.88125
9.0,9,2349.283851
0.0,5,2349.518827
0.0,6,2349.718888
