#{"t_start": 1764374475.2067072, "env_id": "intersection-v1"}
r,l,t
6.931708,11,0.770656
-3.699854,9,1.34175
7.0,8,1.702259
5.604284,13,2.668767
-3.301711,6,3.126917
-2.436558,8,3.985111
0.0,13,4.891331
3.85919,13,5.739602
5.562945,13,6.391531
-1.318719,6,6.864299
6.562942,10,7.571194
-2.365057,5,8.022041
1.0,13,8.694937
7.154484,13,9.501607
3.553186,13,10.578878
7.259887,12,11.525573
-2.701696,6,11.971886
4.077598,13,12.942935
-2.527139,12,13.945004
-3.46297,13,15.085176
-3.316297,6,15.397285
1.549796,13,16.649897
2.552127,13,17.240243
1.549861,13,18.443511
7.538963,11,19.196695
-1.0,9,19.79086
7.61742,11,20.500944
-2.749661,9,20.908319
-3.712106,7,21.331222
7.475492,12,22.427133
4.306848,13,22.879127
-1.446814,7,23.294322
-1.379585,6,23.604908
1.613583,13,24.259104
2.555036,7,24.664196
-1.447446,7,25.28893
0.0,13,26.428305
2.563374,13,27.031825
-2.318366,6,27.450619
-2.436558,6,28.039897
6.537046,11,28.615992
0.0,5,29.065257
-3.0,6,29.50166
-1.0,4,29.898953
4.0,13,31.152325
8.0,8,31.497801
-1.379585,6,31.757221
-1.0,5,31.915285
4.141404,13,32.477295
5.0,13,33.392019
3.0,13,34.245107
2.0,13,36.219154
3.169767,13,37.152767
-0.57992,5,37.37001
4.459716,13,38.076896
-1.0,5,38.390724
0.0,6,38.846725
6.616343,13,39.871274
-1.0,5,40.144209
8.617423,11,40.789418
8.62673,10,41.191536
2.549797,13,41.783835
-2.448612,13,43.404022
1.0,13,44.678448
-1.84084,4,44.915676
-1.0,5,45.282643
-4.38443,8,46.008142
0.0,6,46.351118
7.550321,10,46.920695
-2.0,4,47.259414
6.101754,13,47.989154
5.457495,13,48.67031
2.288023,13,49.667508
-1.299552,4,49.963928
-2.0,4,50.178355
-2.436558,7,50.62867
8.62673,10,51.400186
4.550179,13,52.310914
-5.0,1,52.441332
6.0,13,53.383208
2.549805,13,54.309598
6.536747,11,55.457484
-3.372844,6,55.723895
4.11316,13,56.909699
0.0,13,57.495314
2.179964,13,58.1976
2.0,8,58.588255
0.0,5,59.017885
5.172098,13,60.144338
0.618567,8,60.455952
-2.577249,3,60.637696
6.102295,13,61.215845
-2.743026,7,61.649964
-2.296811,6,61.968499
0.0,13,63.028564
-2.0,6,63.440238
-2.382567,7,63.932062
3.181311,13,64.977049
8.615844,10,65.453831
7.091384,12,66.131134
-1.0,8,66.636631
5.114796,13,67.243129
6.095587,13,68.002481
-2.318366,9,68.539302
-2.0,4,68.776832
4.233276,13,69.245342
-5.0,1,69.395412
7.141752,13,71.30162
-2.463352,13,72.550761
-3.008716,7,72.964149
-1.447446,7,73.52931
0.0,6,73.855872
6.0,13,74.56273
-1.0,6,74.799402
-2.0,6,75.157355
-2.365057,5,75.420053
6.618567,10,76.055337
2.875105,13,77.025083
9.0,9,77.49603
8.615844,10,78.39507
6.617508,11,79.213182
-3.0,8,79.471501
-0.841249,5,79.717069
-1.372771,5,80.040665
-1.0,6,80.270476
7.245512,13,81.046818
-1.372771,6,81.37055
-1.373258,7,81.977889
-0.366834,7,82.493345
2.629652,13,83.300317
-1.524421,8,83.68974
-2.687862,6,83.98842
3.473824,13,84.591418
3.250501,13,85.29595
0.0,6,85.822939
9.0,9,86.527085
6.616072,13,87.322544
1.0,7,87.757473
7.525491,12,88.535308
-1.0,5,88.977197
9.0,9,89.385928
-1.542452,11,89.960774
8.615645,10,90.750461
5.126012,10,91.453421
5.472874,13,92.087086
0.0,6,92.441699
7.617435,9,92.946766
4.224745,13,93.930691
-1.700382,7,94.294906
-1.0,5,94.773183
8.615645,10,95.30465
6.616343,12,95.640653
6.459006,13,96.693987
4.536978,13,97.275152
-1.0,7,97.700211
1.0,13,99.101364
-3.0,12,99.855383
-2.461745,10,100.89218
-1.0,6,101.500882
7.0,10,102.088439
9.0,9,102.67384
-2.288439,6,102.892064
-1.436972,7,103.202435
6.154648,11,104.949636
6.633114,13,105.642925
-1.94673,5,106.119651
-1.746906,6,106.653921
-1.366575,6,107.207041
9.0,9,107.768996
4.534348,13,108.973154
8.0,8,109.625266
7.250792,10,109.962347
-2.0,7,110.464434
0.0,6,110.952493
6.459345,13,112.163762
5.457808,13,113.110599
-3.449736,7,113.918171
6.297112,9,114.484011
-1.0,5,114.954966
7.681208,9,115.479822
9.0,9,116.115772
-2.436558,6,116.645298
0.0,6,117.102317
-2.0,6,117.60964
5.604556,13,118.765347
1.420002,7,119.273633
-1.366575,6,119.622374
-3.449736,8,120.144595
-4.0,6,120.555773
-1.57953,4,120.874677
-1.0,5,121.290869
9.0,9,121.658378
8.681208,10,122.251649
6.561352,11,123.161788
7.550321,10,123.737169
0.0,6,124.409397
-2.436558,6,124.945523
5.925312,11,125.599533
8.0,9,126.198239
3.0,13,127.26813
-1.746906,6,127.711926
7.615917,9,128.664304
-2.537503,9,129.277751
-2.0,6,129.530561
0.0,6,129.974374
6.101371,13,130.886887
1.0,7,131.415674
8.615844,10,132.128059
0.0,6,132.451149
0.0,6,132.882613
-1.526176,8,133.485987
8.0,8,133.868245
-1.318719,6,134.176642
9.0,9,134.646031
-1.372771,6,134.908153
-0.366834,7,135.644091
-1.318719,6,135.957751
6.633121,10,136.398752
5.538187,13,137.435621
8.0,11,138.57212
8.62673,10,139.391143
4.459725,13,140.192796
-2.0,4,140.415603
-2.436558,7,140.880239
-1.318719,6,141.201494
-1.372771,6,141.595471
8.0,9,143.481374
-2.0,5,143.87937
7.633114,9,144.273717
6.121678,11,145.24173
9.0,9,145.893708
10.0,10,146.68353
0.0,6,147.097446
-0.382068,7,147.746768
-1.372771,6,148.174688
0.420014,6,148.667845
-1.0,5,148.971314
-1.57953,4,149.425377
8.615645,10,150.127197
7.242743,10,150.908266
9.0,9,151.483176
-1.0,5,151.813634
6.259894,10,152.416814
7.616072,10,153.063578
-1.684108,7,153.544931
-1.379585,6,154.015591
9.0,9,154.493124
8.475491,12,155.5087
9.0,9,156.130101
8.617423,10,156.846134
-2.0,4,157.138284
8.615844,10,157.908458
10.0,10,158.783377
7.626732,9,159.115934
-1.447944,8,159.528075
-2.436558,6,159.877202
6.468775,12,160.703279
7.306361,10,161.604646
9.0,9,162.18493
-2.000061,6,162.604773
-0.841249,5,162.83711
6.194517,12,163.810908
-2.0,6,164.224521
-0.841249,5,164.4389
9.0,9,165.257118
-3.460636,7,165.726835
0.0,6,166.092118
8.0,8,166.540232
7.615917,9,167.240355
5.905332,11,167.780472
9.0,10,168.531983
-2.0,6,169.038983
6.459815,13,170.132543
-0.208219,7,170.557361
-1.0,5,170.84027
4.208808,13,172.298874
10.0,10,172.772561
-2.0,4,173.061503
-1.372771,6,173.395687
-1.0,6,173.782133
9.0,13,174.981944
0.0,6,175.351696
0.0,6,175.701069
6.231769,11,176.489932
-1.0,5,176.974761
6.165408,12,178.031541
8.169918,12,178.54279
-1.0,5,179.002361
-1.372771,6,179.394901
7.472962,11,181.095219
-2.436558,6,181.294741
0.420014,6,181.746831
0.0,6,182.470382
-1.0,5,182.933861
0.0,6,183.475542
10.0,10,184.165545
-1.0,5,184.490997
9.0,9,184.888061
-1.372771,6,185.123962
-1.28843,7,185.456065
2.0,8,185.897579
-2.444964,5,186.069139
-0.373185,7,186.537216
-1.379585,6,186.940993
-1.0,5,187.34834
-2.0,4,187.715662
6.297112,9,188.077369
7.538649,11,188.665428
11.0,11,189.219935
10.0,10,189.793155
8.615645,10,190.45406
-0.299923,5,190.843128
7.615917,9,191.480028
10.0,10,192.047119
-1.0,5,192.396985
-1.379585,6,192.788487
0.0,6,193.116891
-1.0,5,193.54791
1.0,7,194.101537
-2.4629,8,194.528084
-1.0,5,195.000076
7.633114,9,195.543824
-1.366575,5,195.817652
-1.372771,5,196.083069
-1.0,6,196.482907
-5.0,1,196.560435
0.0,6,197.137795
-1.0,5,197.914037
-1.0,5,198.104917
-1.675491,5,198.505444
1.0,7,198.891056
0.0,5,199.285767
8.0,8,200.098726
-1.746906,6,200.513905
7.626732,9,200.945655
7.475491,12,201.912183
-2.370348,6,202.336121
9.0,9,202.684634
0.0,6,203.127862
9.0,9,204.07528
6.90349,13,204.935031
9.0,9,205.712503
-1.84084,4,206.081111
-3.299509,6,206.383065
0.0,6,206.66898
6.617508,9,207.457925
9.0,9,208.112766
0.0,6,208.469936
-5.0,1,208.616099
8.615645,10,209.820182
-1.318719,6,210.113857
9.0,9,210.980293
9.0,9,211.558497
-2.644326,6,211.903899
-1.318719,6,212.388441
8.615645,10,212.981074
-1.0,5,213.214878
-2.436558,6,213.80243
9.0,9,214.362975
9.0,9,214.780842
7.617435,9,215.191257
0.0,5,216.729958
-3.316297,4,217.067084
0.0,6,217.383272
6.550267,9,218.209509
-1.57953,4,218.531212
-2.0,4,218.831126
-1.0,8,219.326104
8.0,10,220.007526
-1.318719,6,220.498211
10.0,10,221.062634
-2.0,4,221.510517
9.0,9,222.262223
7.0,10,223.099257
7.552044,10,223.724291
9.0,9,224.223896
0.0,5,224.436828
0.700013,6,224.762313
1.0,7,225.07574
9.0,9,225.664399
5.527341,13,226.366913
-2.364837,7,226.922601
-2.373197,6,227.202451
9.0,10,227.895669
8.618513,10,228.622178
5.53666,13,229.941464
-1.379585,6,230.225232
-1.84084,4,230.517154
-1.0,6,230.708466
8.0,8,231.201111
-0.299923,5,231.453918
1.0,7,231.827297
10.0,10,232.503576
10.0,10,232.936798
-1.0,5,233.29913
0.0,6,233.645689
-1.372771,6,233.99458
9.0,9,234.45394
9.0,12,235.401713
9.618511,11,236.036135
10.0,10,236.813257
-1.0,5,237.113796
9.0,9,237.727446
-2.458619,7,238.152923
-2.472125,8,238.821219
4.217483,13,239.68247
9.0,9,240.160409
10.0,10,241.13361
0.0,6,241.590661
0.0,6,241.961605
-1.0,5,242.257765
9.0,9,242.825333
-0.931455,6,243.293608
-1.0,6,243.703306
-0.841249,5,244.212361
7.615917,9,244.86798
10.0,10,245.573835
8.633113,10,246.208879
1.0,7,246.679024
9.0,9,247.148804
-1.318719,6,247.629549
1.242743,10,248.48061
8.615844,10,249.378333
8.616025,10,250.088434
9.0,9,250.805465
0.0,5,251.124898
0.0,6,251.680193
9.0,9,253.979854
10.0,10,254.808975
0.0,6,255.295614
-2.0,4,255.7391
10.0,10,256.364969
-0.841249,5,256.864143
-1.0,5,257.2932
0.0,6,257.817147
-1.0,5,258.277872
-1.366575,6,258.715734
-2.370348,5,259.104022
10.0,10,259.633285
9.0,9,260.173983
-2.0,4,260.530087
1.0,7,260.954395
-4.0,2,261.089905
8.550182,11,261.403967
0.0,6,261.942471
9.0,9,262.367025
-0.57992,5,262.791543
-5.0,1,262.903696
7.681208,9,263.205267
10.0,10,264.077147
1.0,7,264.505231
9.0,9,265.265394
8.0,8,265.707669
0.0,5,265.916795
-5.0,1,266.107284
7.616072,9,266.85172
-1.740161,6,267.265893
7.616072,9,267.736938
-1.0,5,267.92088
-1.0,5,268.133736
8.615844,10,268.851628
-1.0,5,269.28717
-1.318719,6,269.622454
8.562943,11,270.316192
0.700013,6,270.55387
9.0,9,271.099218
0.0,5,271.292272
9.0,9,272.146031
0.0,6,272.799354
-1.0,5,273.250879
9.0,9,274.13304
8.62673,10,274.884664
0.0,6,275.279361
0.0,6,275.491842
7.62673,10,276.057968
9.0,9,276.821487
-0.57992,5,277.0953
-1.372771,6,277.423389
-1.0,5,277.657411
-1.666651,5,277.968696
-1.0,5,278.307098
-2.448548,10,278.762922
1.158669,7,279.104503
9.0,9,279.529214
-1.0,5,279.745067
9.0,9,280.110362
0.0,6,280.512355
-3.372844,6,280.772686
8.615645,10,281.355529
0.0,6,281.805581
9.0,9,282.295668
-0.931455,6,282.523381
0.0,5,282.833387
-1.372771,6,283.172285
8.617423,10,283.823448
-1.0,5,284.045401
8.0,8,284.498592
10.0,10,285.277071
8.681208,10,285.834139
1.0,7,286.33575
10.0,10,288.04371
7.615917,9,288.665144
9.0,9,289.468917
10.0,10,290.273814
0.03618,7,290.635411
-0.299923,5,290.845296
0.0,6,291.328211
-1.318719,6,291.947433
-0.299923,5,292.325605
1.0,7,292.698261
-1.0,5,293.005688
-1.0,5,293.301421
9.0,9,293.731992
10.0,10,294.363753
2.0,8,294.959301
-1.0,5,295.311419
8.62673,10,295.984672
7.615917,9,296.317815
9.0,9,296.6598
0.420014,6,297.019936
-2.318366,5,297.383375
10.0,10,297.965562
-5.0,1,298.054172
8.0,8,298.382867
1.0,6,298.71427
-0.299923,5,299.152969
10.0,10,299.910912
-1.0,5,300.334295
9.0,9,301.255369
0.0,5,301.644169
6.552042,10,302.360882
-2.0,4,302.742373
-0.57992,5,303.189287
9.0,9,303.785737
-1.318719,7,304.40248
0.0,5,304.589875
-0.299923,5,305.089951
9.0,9,305.570675
-2.0,4,305.755172
10.0,10,306.315629
0.0,6,306.715423
9.0,9,307.274108
-1.0,5,307.447388
0.0,6,307.882659
8.0,8,308.233315
0.0,6,308.536234
7.561352,12,309.403745
8.0,8,310.1357
-1.318719,6,310.528575
0.0,6,310.996159
-1.379585,6,311.379506
9.0,9,311.890537
9.0,10,312.615306
10.0,10,313.191238
8.615844,10,313.781246
-1.0,5,314.0415
7.538963,11,314.848782
-2.0,4,315.110883
-1.0,5,315.355674
-1.0,5,315.62075
0.0,6,316.107939
9.0,9,316.503266
-0.299923,5,317.007173
-1.84084,4,317.32825
9.0,9,317.920742
-1.0,5,318.216869
9.0,9,318.619879
8.0,10,319.136145
10.0,10,319.59973
9.0,9,320.146278
0.0,6,320.633723
0.0,6,321.983196
0.0,6,322.399499
0.0,6,322.707226
7.616072,9,323.174907
9.0,9,323.618105
-2.838445,3,323.867049
10.0,10,324.429205
-0.299923,5,324.747076
10.0,10,325.659706
10.0,10,326.399478
9.0,9,326.908932
0.420014,6,327.177755
-1.0,5,327.529435
9.0,9,328.154454
-0.373185,7,328.607584
-1.0,5,328.994883
9.0,9,329.621857
-1.0,5,329.893077
0.0,6,330.221454
9.0,9,330.548043
1.700002,7,331.091052
0.700013,6,331.531428
-3.316297,8,331.955435
9.0,9,332.608758
0.0,6,333.001681
9.0,9,333.408709
-2.0,4,333.698037
-1.0,5,333.961081
-1.0,5,334.374767
-1.0,7,334.877208
7.0,12,336.197757
9.0,9,336.824149
0.0,6,337.134639
9.0,9,337.679343
7.615917,9,338.459974
-1.447446,7,338.923163
-1.0,5,339.158185
9.0,9,339.499732
0.0,6,339.931144
7.681208,9,340.19617
-2.0,4,340.624524
8.616025,10,341.080908
-2.0,4,341.395829
0.0,6,341.812797
-1.372771,6,342.235139
-2.0,4,342.600991
-1.0,5,342.829777
10.0,10,343.360538
10.0,10,343.762948
9.0,9,344.34996
10.0,10,344.851328
9.0,9,345.443192
9.0,9,346.095157
-1.0,5,346.353084
0.0,6,346.843404
0.0,6,347.389688
10.0,10,347.819069
0.0,5,348.177721
9.0,9,349.150567
7.473313,11,349.942363
-1.0,5,350.250948
0.0,5,350.539703
10.0,10,351.264048
10.0,10,351.655625
-1.0,5,351.99024
0.0,6,352.241074
9.0,9,352.827007
9.0,9,353.20171
9.0,9,353.622791
8.62673,10,355.524713
-1.0,5,355.714482
9.0,9,356.431284
-1.84084,4,356.749016
-1.0,5,357.061423
-1.0,5,357.422834
9.0,9,358.019219
9.0,9,358.600093
8.615645,10,359.34547
-1.0,5,359.575311
1.0,7,359.971483
9.0,9,360.389354
0.158681,6,360.659204
7.552044,10,361.523582
9.0,9,362.273106
0.0,6,362.595247
9.0,9,363.027092
-1.0,6,363.436123
-2.318366,5,363.762071
9.0,9,364.097045
0.158681,6,364.36769
0.0,6,364.764043
0.0,5,365.274071
-1.0,5,365.76917
10.0,10,367.027649
9.0,9,367.522788
8.681208,10,368.148705
-3.0,6,368.633608
0.0,6,368.867404
10.0,10,369.894093
9.0,9,370.477505
9.0,9,371.161262
-1.379585,6,371.513098
7.538963,11,372.215748
8.0,9,372.660894
-2.0,9,373.671257
9.0,9,374.317584
9.0,9,374.880101
-1.84084,4,375.117247
9.0,9,375.756079
8.0,8,376.338222
8.0,8,376.967347
0.0,6,377.578978
9.0,9,378.046135
7.615917,9,378.728046
0.158681,6,379.175395
10.0,10,379.824366
9.0,9,380.348806
8.0,8,380.984042
-0.841249,5,381.239549
9.0,9,381.799633
0.0,6,382.1556
-0.841249,5,382.476122
8.681208,10,383.25184
9.0,9,383.881562
1.0,7,384.305983
-2.0,4,384.763417
0.0,6,385.338937
-0.299923,5,385.645665
0.0,6,386.286311
8.0,8,387.100819
10.0,10,387.603588
-1.0,5,388.107917
0.158681,6,388.737729
-0.841249,5,389.068616
8.552042,11,389.734242
-1.0,6,390.258974
7.472952,11,391.043572
7.615917,9,391.707157
1.0,7,393.306009
0.0,5,393.51336
-1.0,5,393.889755
9.0,9,394.34577
9.0,9,394.925569
9.0,9,395.708617
0.0,6,396.192164
9.0,9,396.742549
-1.0,6,397.245277
-0.299923,5,397.672749
-2.0,5,397.981687
0.0,6,398.277931
9.0,9,398.827099
0.0,6,399.39268
9.0,9,400.356364
-1.0,5,400.720691
10.0,10,401.389247
0.0,6,402.011319
0.0,5,402.193717
9.0,9,402.696977
9.0,9,403.120616
0.0,6,403.464898
9.0,9,403.951851
9.0,10,404.540327
-2.373197,6,405.159763
-0.373185,7,405.494174
-1.0,5,405.90194
0.0,6,406.444523
8.0,8,406.94798
-1.0,5,407.348808
1.0,6,407.799546
0.0,6,408.225402
0.0,6,408.644365
0.0,5,408.960257
-2.0,4,409.473449
0.0,6,409.92167
9.0,9,410.747838
0.0,6,411.205866
7.626732,9,411.722813
10.0,10,412.172183
-5.0,1,412.323148
9.0,9,412.805199
10.0,10,413.438638
10.0,10,413.78859
10.0,10,414.394497
-1.0,5,414.843061
-1.0,5,415.080329
9.0,9,415.792935
-3.0,3,415.960198
10.0,10,416.422593
-0.57992,5,416.723478
10.0,10,417.323066
10.0,10,418.227217
10.0,10,419.229384
-0.373185,7,419.762444
-0.524494,9,420.137653
-1.0,5,420.541555
0.0,5,420.969172
0.0,6,421.343687
0.0,6,421.65538
9.0,9,422.106068
-2.29738,3,422.402949
8.615645,10,423.11344
0.0,7,423.630737
0.0,6,424.007144
10.0,10,424.579764
9.0,9,425.078612
9.0,9,425.711676
-0.299923,5,426.099882
-1.0,5,426.512678
-0.57992,5,426.89583
1.0,7,427.257994
0.0,6,428.724017
10.0,10,429.542537
8.0,8,430.247203
0.0,6,430.612329
8.62673,10,431.40398
10.0,10,432.123558
8.0,8,432.79985
-1.0,5,433.171367
10.0,10,434.035672
10.0,10,434.938434
-1.379585,6,435.291065
10.0,10,435.583578
0.700013,6,436.002411
10.0,10,436.44242
10.0,10,437.274951
-1.0,5,437.596346
0.0,6,438.1202
10.0,10,438.558077
9.0,9,439.222761
9.0,9,439.695397
9.0,9,440.082225
-1.0,5,440.554403
8.0,8,441.144969
10.0,10,441.652339
7.538963,11,442.923404
9.0,9,443.661718
1.0,7,443.961828
0.700013,6,444.36961
-2.0,4,444.592165
8.0,10,445.268528
0.0,5,445.731342
10.0,10,446.24192
9.0,9,446.88338
9.0,9,447.381731
8.0,8,447.973235
10.0,10,448.56218
8.62673,10,449.045596
0.0,6,449.366186
9.0,9,449.935847
0.0,6,450.272797
-1.0,5,450.751769
-1.0,5,451.134899
9.0,9,451.692823
-1.0,5,451.995791
1.0,6,452.38579
-1.84084,4,452.774115
-0.57992,5,453.295565
-1.0,5,453.748972
10.0,10,454.283671
0.0,6,454.639814
9.0,9,455.113312
-1.0,5,455.448843
0.0,6,455.697663
9.0,9,455.981674
3.0,9,456.706114
0.0,6,457.14715
9.0,9,457.520656
0.0,6,457.946123
-2.0,4,458.341656
0.0,6,458.631572
8.62673,10,459.095634
8.0,8,459.565435
-2.0,4,459.893825
10.0,10,460.460641
-1.57953,4,460.795466
9.0,9,461.362592
0.700013,6,461.759899
8.615844,10,462.369621
-1.0,5,463.696263
0.0,5,464.113062
10.0,10,464.884923
-1.0,5,465.177523
9.0,9,465.64965
9.0,9,466.260742
9.0,9,466.684932
9.0,9,467.205829
9.0,9,467.891213
9.0,9,468.493015
10.0,10,469.467233
0.0,5,469.694963
10.0,10,470.758235
9.0,9,471.216071
0.0,6,471.537135
9.0,9,472.211171
10.0,10,473.028923
9.0,9,473.513691
9.0,9,474.213758
10.0,10,475.117397
0.0,6,475.562975
0.0,6,476.129852
10.0,10,476.619444
8.0,8,476.964123
9.0,9,477.464288
-1.84084,4,477.740112
7.54087,11,478.455665
-1.0,5,478.708684
8.0,8,479.431479
10.0,10,479.971128
9.0,9,480.531473
-1.0,5,480.874574
9.0,9,481.432256
10.0,10,482.068384
10.0,10,482.79382
9.0,9,483.297912
8.0,8,483.804442
0.0,6,484.153743
10.0,10,484.682387
10.0,10,485.208271
10.0,10,486.113987
-1.447446,6,486.378782
9.0,9,486.85746
-2.577249,3,487.050202
8.0,8,487.582709
9.0,9,487.965834
-1.0,5,488.2209
7.550194,10,489.002216
1.550194,10,489.968457
9.0,9,490.481384
9.0,9,491.317772
-1.0,5,491.597789
0.0,6,491.964892
9.0,9,492.327422
10.0,10,493.179468
-1.0,5,493.426094
9.0,9,493.823892
-3.0,6,494.214336
8.0,8,494.723006
0.0,6,495.016015
-0.57992,5,495.465317
9.0,9,496.050538
0.0,6,496.392313
9.0,9,497.059801
-1.84084,4,498.507664
10.0,10,499.168604
-1.0,5,499.503569
9.0,9,500.258777
1.0,7,500.655492
1.0,7,501.09016
10.0,10,501.983586
9.0,9,502.603557
-1.0,5,503.056157
9.0,9,503.837844
0.0,5,504.211256
-1.0,6,504.639253
9.0,9,505.614677
7.552044,10,506.381683
8.615645,10,507.148647
0.0,6,507.5234
-1.0,5,507.861155
-1.0,5,508.179751
10.0,10,508.640507
9.0,9,509.791303
9.0,9,510.242674
-1.0,5,510.461243
-1.0,5,510.747423
-0.57992,5,510.987743
9.0,9,511.599278
0.0,5,511.947172
0.0,5,512.356402
10.0,10,513.211854
9.0,9,513.935195
0.0,6,514.317425
8.0,8,514.909104
-3.0,3,515.197402
10.0,10,515.801316
0.0,6,516.437183
-1.0,5,516.716244
9.0,9,517.357646
0.0,6,517.862576
9.0,9,518.381698
10.0,10,519.043779
8.0,8,519.695446
0.0,6,520.110193
9.0,9,520.571336
9.0,9,521.104992
8.0,8,521.449243
10.0,10,521.995679
10.0,10,522.665912
0.0,6,523.077171
9.0,9,523.59902
0.0,6,524.009408
10.0,10,524.789001
8.0,8,525.233925
-0.299923,5,525.444728
0.0,6,526.094907
10.0,10,526.935955
10.0,10,527.391225
0.0,6,527.729597
-1.0,5,528.209881
0.0,6,528.597469
8.0,8,529.28642
10.0,10,529.87157
-1.0,4,530.177057
1.0,6,530.615861
-0.57992,5,530.80757
10.0,10,531.39622
9.0,9,531.958556
0.0,6,532.280467
10.0,10,532.724452
1.0,7,533.188003
9.615832,11,534.904675
9.0,9,535.482458
9.0,9,535.93396
-2.0,4,536.241195
-1.0,5,536.632457
9.0,9,537.027115
0.0,6,537.528411
10.0,10,538.05784
-2.0,4,538.393261
8.0,8,538.753803
-5.0,1,538.804368
0.0,6,539.333542
0.0,6,539.765074
9.0,9,540.342816
0.0,5,540.792291
9.0,9,541.373826
9.0,9,541.949725
-0.841249,5,542.441512
10.0,10,543.024348
9.0,9,543.58126
1.0,7,543.987433
0.0,6,544.434948
9.0,9,544.920403
2.0,8,545.460663
10.0,10,545.920058
-1.0,5,546.265991
9.0,9,546.573802
9.0,9,546.99875
-2.0,4,547.442548
9.0,9,548.10004
10.0,10,548.773032
10.0,10,549.678516
0.0,6,550.251809
9.0,9,551.095604
8.0,8,551.406365
9.0,9,552.019078
-1.0,5,552.401625
9.0,9,552.849772
9.0,9,553.46044
1.0,7,553.747296
9.0,9,554.023306
0.0,6,554.21582
10.0,10,554.765578
1.0,6,555.067329
9.0,9,555.800569
-1.0,5,556.21348
10.0,10,556.807481
0.0,6,557.029598
10.0,10,557.875568
9.0,9,558.688469
-1.0,5,559.055737
0.0,6,559.493058
9.0,9,559.859921
-1.0,5,560.221704
10.0,10,560.843858
-0.57992,5,561.112333
0.0,6,561.429719
10.0,10,562.241108
9.0,9,562.775204
9.0,9,563.474407
0.0,6,563.914725
10.0,10,564.724857
0.0,6,565.047685
0.0,6,565.324266
10.0,10,566.013279
-1.0,7,566.341684
0.0,6,566.688864
0.0,6,567.06017
-1.299552,4,567.219203
-1.0,5,568.818447
9.0,9,569.415562
10.0,10,570.247505
0.0,6,570.867604
9.0,9,571.400001
9.0,9,571.984431
8.0,8,572.633357
-2.0,4,573.002397
-1.0,5,573.273363
-0.841249,5,573.624311
-1.0,5,574.00987
10.0,10,574.928927
10.0,10,575.362154
9.0,9,576.658999
10.0,10,577.520491
-0.841249,5,577.860414
0.0,6,578.221272
0.700013,6,578.494442
-1.0,5,578.885898
-0.299923,5,579.330664
9.0,9,579.882835
0.0,6,580.173085
-1.0,5,580.708252
8.62673,10,581.499924
0.0,6,582.140642
7.562943,10,582.878827
0.0,6,583.23447
-1.0,4,583.505374
10.0,10,584.415404
9.0,9,585.248427
9.0,9,586.05279
0.0,6,586.643807
0.0,6,586.987801
-1.0,5,587.505424
0.0,6,587.93741
-0.841249,5,588.320944
1.0,6,588.868182
0.0,6,589.326364
0.0,6,589.830002
0.0,5,590.157053
9.0,9,591.184449
-1.0,5,591.647708
9.0,9,591.95364
0.0,5,592.220823
10.0,10,592.770713
-1.0,5,593.17593
9.0,11,593.951757
-0.299923,5,594.359461
9.0,9,595.019795
0.0,6,595.411439
0.0,6,595.671551
10.0,10,596.22196
0.0,6,596.513031
10.0,10,597.123349
8.615645,10,597.546295
9.0,9,597.902403
10.0,10,598.741966
9.0,9,599.245849
0.0,6,599.819476
9.0,9,601.134791
10.0,10,601.452478
-3.0,3,601.631051
0.0,6,601.996503
-1.0,4,602.353823
9.0,9,603.089428
10.0,10,604.160525
9.0,9,604.773989
9.0,9,605.286287
9.0,9,605.524003
0.0,6,605.93574
0.0,6,606.648823
0.0,6,608.44343
0.0,6,608.915646
9.0,9,609.609101
-1.0,5,609.94838
9.0,9,610.549502
0.0,6,610.993922
9.0,9,612.181832
8.0,8,612.606505
0.0,5,613.023744
0.700013,6,613.507792
8.552042,11,614.506296
0.0,6,615.123767
0.0,6,615.551273
10.0,10,616.285063
10.0,10,616.934371
9.0,9,617.623415
9.0,9,618.431263
9.0,9,618.961913
9.0,9,619.805581
8.0,8,620.247087
11.0,11,620.764283
0.0,6,621.025288
-1.0,5,621.572109
10.0,10,622.187078
0.0,6,622.44591
0.0,6,622.746462
-2.0,4,623.175693
0.0,5,623.584491
-2.0,4,623.998805
1.0,7,624.695618
10.0,10,625.311539
0.0,6,625.746229
-2.0,4,626.03153
9.0,9,626.749429
9.0,9,627.552859
-1.0,5,627.990939
0.0,6,628.597392
10.0,10,629.452247
-1.0,5,629.738605
0.0,6,630.382716
0.0,6,630.740505
1.0,7,631.119051
10.0,10,632.038188
0.0,6,632.549802
10.0,10,632.871418
-1.0,4,633.26204
-0.299923,5,633.521944
9.0,9,634.17261
-0.299923,5,634.689827
-1.299552,4,635.023152
0.0,6,635.52615
10.0,10,636.246059
9.0,9,636.865653
0.0,6,637.250112
9.0,9,637.74748
9.0,9,638.259369
9.0,9,638.864081
-0.299923,5,639.190181
10.0,10,639.679488
-0.841249,5,640.104255
1.0,7,640.398915
10.0,10,641.35488
0.0,6,641.718401
9.0,9,642.178606
10.0,10,642.710427
0.0,6,643.005123
10.0,10,643.525692
-1.0,5,643.817701
10.0,10,644.699798
2.0,8,646.415451
9.0,9,646.941701
10.0,10,647.774806
9.0,9,648.37244
-0.841249,5,648.780747
-2.0,4,649.138648
7.0,7,649.502488
9.0,9,650.176144
0.0,6,650.465664
-1.0,5,650.948848
1.0,7,651.462744
9.0,9,652.101232
0.0,5,652.547458
8.616025,10,653.355628
9.0,9,653.828504
0.420014,6,654.207471
-1.0,5,654.638498
10.0,10,655.465119
8.0,8,655.923101
9.0,9,656.41107
9.0,9,656.979712
9.0,9,657.547662
9.0,9,658.074872
9.0,9,658.543469
0.0,6,658.898183
-1.0,5,659.133305
0.0,6,659.430373
-0.57992,5,659.936248
10.0,10,660.524302
-1.0,5,660.928702
-1.0,5,661.322005
9.0,9,661.951611
9.0,9,662.750968
9.0,9,663.640707
0.0,6,663.991698
-1.0,5,664.308449
-5.0,1,664.397536
0.0,6,664.797738
9.0,9,665.581771
-1.511731,8,666.048378
-1.0,5,666.384977
6.298868,9,666.893937
10.0,10,667.557196
9.0,9,668.261044
9.0,9,668.697978
-1.0,5,669.011757
-1.0,5,669.640664
10.0,10,670.079036
0.0,6,670.504538
0.0,6,670.880758
9.0,9,671.972979
1.0,6,672.361128
-1.299552,4,672.567281
9.0,9,672.948924
0.0,6,673.438893
0.0,6,673.865204
2.42,8,674.145862
9.0,9,674.583676
9.0,9,675.114596
0.0,6,675.479437
10.0,10,676.13962
9.0,9,676.60609
-0.931455,6,677.204865
0.0,6,677.637307
-2.0,6,678.117615
7.616072,9,678.724056
0.0,6,679.148708
-1.0,5,679.379022
9.0,9,679.889354
8.0,8,680.323251
9.0,9,682.115021
2.0,8,682.725738
-1.0,5,683.161399
9.0,9,683.538951
-1.0,5,683.937489
-1.318719,6,684.403627
9.0,9,685.186527
-1.0,5,685.509659
-1.0,5,685.901686
9.0,9,686.586262
0.0,6,686.963656
0.0,6,687.16561
0.0,6,687.448887
-1.0,4,687.651792
9.0,9,688.020819
9.0,9,688.594467
-0.841249,5,688.894639
9.0,11,689.721598
9.0,9,690.67516
-0.841249,5,690.995381
-1.0,5,691.24594
10.0,10,691.787762
9.0,9,692.469997
10.0,10,693.090138
0.700013,6,693.604015
0.0,6,694.045836
0.0,6,694.275313
0.0,6,694.531987
-1.0,5,694.782111
10.0,10,695.427154
8.0,8,695.874498
9.0,9,696.409739
-1.0,5,696.738761
9.0,9,697.239976
0.0,6,697.434888
9.0,9,697.885653
11.0,11,698.530913
-1.0,5,698.915035
9.0,9,699.242779
0.0,6,699.582922
8.617423,10,699.906022
-2.0,4,700.12402
-1.0,5,700.517804
0.0,6,700.945669
1.0,7,701.477329
10.0,10,702.051334
0.0,6,702.476574
10.0,10,703.277852
9.0,9,703.88168
9.0,9,704.248908
8.615645,10,704.964792
-0.299923,5,705.349519
0.0,5,705.611851
-1.0,5,705.89661
-1.0,5,706.23649
9.0,9,706.890468
-1.0,5,707.304641
8.0,8,707.995197
-1.0,5,708.34212
10.0,10,708.95031
0.0,5,709.258621
10.0,10,709.9088
0.0,6,710.265361
8.0,8,710.793658
9.0,9,711.321005
0.700013,6,711.773441
9.0,9,712.159877
-2.0,4,712.361392
-2.0,4,712.543375
0.0,6,712.909298
0.0,6,713.465357
9.0,9,714.305641
10.0,10,716.21853
8.0,8,716.497609
-1.0,5,716.821419
-0.299923,5,717.181442
0.0,5,717.412492
9.0,9,718.06587
-1.0,5,718.295398
-0.57992,5,718.586538
9.0,9,719.098052
9.0,9,719.651833
9.0,9,719.972108
9.0,9,720.413669
-1.0,5,720.809408
8.0,8,721.432966
-1.0,5,721.801413
0.0,6,722.148482
0.0,6,722.481346
-0.841249,5,722.699742
0.420014,6,723.070554
9.0,9,723.523841
-1.0,5,723.852967
9.0,9,724.220842
10.0,10,724.751536
9.0,9,725.465455
0.0,6,725.828947
10.0,10,726.177343
10.0,10,726.774078
0.0,5,727.167796
-2.0,4,727.398552
1.0,7,728.024024
0.0,6,728.421201
-1.0,5,728.89008
-1.0,5,729.162879
9.0,9,729.641548
9.0,9,730.189315
0.700013,6,730.645206
-1.0,5,730.870729
9.0,9,731.341118
9.0,9,732.004539
0.0,6,732.361562
8.0,8,732.662587
8.0,8,733.180404
-0.299923,5,733.305923
0.0,5,733.546274
9.0,9,734.261571
-1.0,5,734.561263
0.0,6,735.142854
8.0,8,735.565022
0.0,6,736.024941
9.0,9,736.497589
9.0,9,737.207465
0.0,6,737.562649
9.0,9,737.851136
9.0,9,738.512524
1.0,7,739.093959
9.0,9,739.821283
9.0,9,740.331796
0.0,6,740.691562
0.0,6,741.017811
9.0,9,741.373744
9.0,9,741.729535
10.0,10,742.274704
-1.57953,4,742.492141
0.420014,6,742.757247
0.0,6,743.114136
9.0,9,744.123547
9.0,9,744.752787
0.0,6,745.089953
8.0,8,745.504733
0.0,6,745.752535
9.0,9,746.426641
9.0,9,748.582882
8.0,8,749.259216
9.0,9,749.68406
0.0,6,750.29373
0.158681,6,750.545041
-1.0,5,750.883348
9.0,9,751.526142
9.0,9,751.862521
9.0,9,752.517973
9.0,9,753.314709
9.0,9,754.031883
-1.0,5,754.350432
8.0,8,754.862555
0.0,6,755.233946
10.0,10,755.964245
9.0,9,756.507517
0.158681,6,756.809852
10.0,10,757.310258
-1.299552,4,757.504182
10.0,10,758.042675
-1.0,5,758.337312
9.0,9,758.978501
10.0,10,759.899494
0.0,6,760.361313
-1.0,5,760.724776
9.0,9,761.306445
9.0,9,761.83584
9.0,9,762.418768
9.0,9,763.110466
-2.0,4,763.252127
9.0,9,763.829636
-5.0,1,763.919777
0.0,6,764.221874
1.0,7,764.664362
8.0,8,765.192227
10.0,10,765.754748
-1.0,5,766.14541
8.0,8,766.71351
9.0,9,767.460571
10.0,10,768.140144
8.552042,11,768.822937
0.0,6,769.359249
0.0,6,769.665001
9.0,9,770.327294
10.0,10,770.76369
-1.0,5,771.010519
8.0,8,771.466388
0.0,6,772.03594
10.0,10,773.035147
9.0,9,773.692703
10.0,10,774.983837
9.0,9,775.577786
-0.299923,5,775.785617
-3.0,3,776.019628
0.0,6,776.587558
-1.0,5,776.903728
-1.0,5,777.206112
2.0,8,777.640236
9.0,9,777.888774
8.0,8,778.254561
9.0,9,778.951809
-2.0,4,779.176325
9.0,9,779.916286
9.0,9,780.318474
9.0,9,780.945959
10.0,10,781.65645
9.0,9,782.190303
0.0,6,784.011279
1.0,6,784.408563
9.0,9,784.949357
9.0,9,785.501674
-1.0,7,785.967635
9.0,9,786.917322
1.0,7,787.516062
0.0,6,787.941868
10.0,10,788.71515
0.0,5,788.978162
0.0,6,789.220337
9.0,9,789.738986
8.62673,10,790.363962
-0.57992,5,790.746445
0.0,6,791.249272
-1.0,5,791.657315
8.0,8,792.211182
0.0,5,792.547698
-0.299923,5,792.824738
8.0,8,793.089808
0.0,6,793.552958
8.0,9,794.234631
8.0,8,794.703784
0.0,5,795.007294
9.0,9,795.475983
10.0,10,796.296727
9.0,9,796.739217
10.0,10,797.244657
9.0,9,798.014818
0.0,6,798.605685
9.0,9,799.29792
-1.0,5,799.599154
0.0,6,799.953218
0.0,6,800.449545
0.0,6,800.869424
2.0,8,801.339816
0.0,6,801.862529
9.0,9,802.500706
2.0,7,802.930599
-1.0,5,803.339402
0.0,6,803.833666
9.0,9,804.579376
8.0,8,805.351158
9.0,9,806.399178
10.0,10,807.098323
9.0,9,807.712203
0.0,5,808.108369
10.0,10,808.880107
0.0,6,809.242605
-1.0,5,809.527665
-5.0,1,809.652909
9.0,9,810.315207
1.0,7,810.69528
-1.57953,4,811.027973
10.0,10,811.845866
-1.0,5,812.33928
0.0,6,812.837556
8.0,8,813.225263
10.0,10,813.85202
9.0,9,814.44049
0.0,6,814.704051
7.240699,11,815.468643
11.0,11,815.84568
-1.0,5,816.289263
0.0,6,816.597336
9.0,9,817.303039
-1.0,5,817.631968
10.0,10,818.136207
10.0,10,818.982505
9.0,9,819.436653
8.0,8,821.398263
0.420014,6,821.813675
1.0,7,822.00912
-1.318719,5,822.43806
9.0,9,822.92765
-2.0,4,823.290211
0.0,6,824.004608
10.0,10,824.577551
10.0,10,825.631471
10.0,10,826.397804
-5.0,1,826.542806
10.0,10,827.231357
8.0,8,827.6573
-2.838445,3,827.972954
-0.57992,5,828.525355
-1.84084,4,828.81743
10.0,10,829.456007
-1.0,5,829.860868
-1.0,5,830.258248
10.0,10,831.404502
0.0,6,831.86997
10.0,10,832.867642
8.0,8,833.302836
-1.0,5,833.486067
10.0,10,834.256181
-0.57992,5,834.571776
9.0,9,835.126358
0.0,5,835.384743
0.158681,6,835.742721
8.0,8,836.221322
9.0,9,836.728198
9.0,9,837.299263
9.0,9,837.80236
-1.0,5,838.271876
-0.841249,5,838.600307
10.0,10,839.286159
-0.57992,5,839.575627
10.0,10,840.169235
10.0,10,840.985865
10.0,10,841.851248
10.0,10,842.722261
9.0,9,843.463237
-1.372771,6,843.972987
0.0,5,844.222823
9.0,9,844.836699
9.0,9,845.295565
0.0,5,845.575243
9.0,9,846.058916
-1.0,5,846.349575
0.0,6,846.911381
-1.84084,4,847.141043
9.0,9,847.808526
-1.0,5,848.150593
-1.0,5,848.481765
8.0,8,848.867656
8.549876,11,849.557662
3.0,9,850.151806
10.0,10,850.711345
10.0,10,851.642901
10.0,10,852.090874
0.0,6,852.36345
1.0,6,852.695449
10.0,10,853.47634
10.0,10,853.758773
9.0,9,854.124216
9.0,9,854.855456
0.0,6,855.110743
-0.675908,6,855.670888
0.0,6,856.124892
9.0,9,857.903834
9.0,9,858.490048
9.0,9,858.991474
9.0,9,859.544236
-2.0,4,859.775795
0.0,6,860.155078
0.0,6,860.590979
0.0,6,860.901908
8.616025,10,861.536365
8.615844,10,862.490524
10.0,10,863.042001
10.0,10,863.801546
10.0,10,864.223682
-2.318366,5,864.745929
0.0,6,865.192544
9.0,9,865.911759
9.0,9,866.560857
9.0,9,867.019662
0.0,6,867.397782
-1.0,5,867.749845
-1.675491,5,868.188858
0.0,6,868.718498
9.0,9,869.100154
-2.0,4,869.446398
9.0,9,869.789082
-0.841249,5,870.217519
-1.0,5,870.574429
9.0,9,871.322493
0.0,6,871.783493
7.538649,11,872.616091
-2.0,4,872.82251
9.0,9,873.714574
9.0,9,874.327507
2.0,8,874.694448
-4.0,2,874.897864
-1.0,4,875.130296
-1.0,5,875.568156
9.0,9,876.283808
0.0,6,876.739485
9.0,9,877.230061
9.0,9,877.973936
9.0,9,878.651072
10.0,10,879.430731
-1.0,5,879.883666
-2.0,4,880.137658
-1.84084,4,880.477356
10.0,10,881.087432
-1.0,5,881.491131
9.0,9,881.961842
9.0,9,882.669482
11.0,11,883.255862
0.0,5,883.693679
9.0,9,884.3177
-1.0,4,884.741939
8.0,8,885.304808
9.0,9,886.03437
0.0,6,886.451406
9.0,9,887.280616
-0.841249,5,887.690944
9.0,9,888.291294
0.700013,6,888.937417
8.617423,10,889.597435
7.61852,9,890.285852
10.0,10,890.926297
1.0,7,891.475033
10.0,10,891.971333
-1.0,5,892.407709
8.0,8,893.031585
9.0,9,895.107399
9.0,9,895.718659
9.0,9,896.037876
0.0,6,896.296699
-1.57953,4,896.6674
8.62673,10,897.23568
9.0,9,897.604726
-2.0,4,897.894448
10.0,10,898.339604
0.0,6,898.567647
9.0,9,899.008754
0.158681,6,899.243789
-1.0,5,899.599496
9.0,9,900.288116
0.0,6,900.820215
0.0,6,901.137512
8.0,8,901.37666
-1.0,5,901.76288
1.0,7,902.200408
9.0,9,902.650609
0.0,6,902.93584
9.0,9,903.331692
-1.0,5,903.745941
10.0,10,904.759663
9.0,9,905.331441
0.0,6,905.761966
-1.0,5,906.17068
9.0,9,906.868227
0.0,6,907.319453
0.0,6,907.691861
-1.0,5,908.331069
0.0,6,909.071064
9.0,9,909.767618
-1.0,5,910.093586
8.0,8,910.500438
7.550194,10,911.596686
7.615917,9,911.988037
10.0,10,912.960396
9.0,9,913.3519
-0.57992,5,913.605137
0.0,6,914.000777
10.0,10,914.298837
-2.0,4,914.677628
9.0,9,915.45997
9.0,9,916.017752
-1.0,5,916.502354
0.0,6,916.837552
0.0,6,917.186216
9.0,9,917.535765
0.0,6,917.838848
-1.0,5,918.086491
10.0,10,918.979318
-1.0,5,919.188625
9.0,9,919.698106
-1.0,5,919.947593
9.0,9,920.594097
-1.0,5,920.92199
0.0,6,921.196806
9.0,9,921.972824
9.0,9,922.616121
-0.841249,5,922.892736
9.0,9,923.388931
-1.0,5,923.659783
-1.318719,6,923.905039
0.0,6,924.222358
9.0,9,924.563399
-0.841249,5,924.947412
-1.0,6,925.232157
0.0,6,925.545372
-1.0,5,926.013542
9.0,9,926.546182
0.0,6,926.950398
0.0,6,927.37883
0.0,6,929.452405
-1.0,5,929.91895
8.0,8,930.442607
9.0,9,931.275028
9.0,9,931.723605
9.0,9,932.314223
10.0,10,932.913186
9.0,9,933.383307
9.0,9,934.306209
8.0,8,934.907503
0.0,6,935.312196
9.0,9,935.840682
1.0,7,936.292287
10.0,10,937.091091
9.0,9,937.760957
-1.0,4,938.060583
-1.0,5,938.361191
10.0,10,938.840887
9.0,9,939.655463
-1.0,5,939.948498
0.0,5,940.243877
0.0,6,940.550125
9.0,9,940.938701
10.0,10,941.436479
0.0,6,941.706613
-1.0,5,941.944536
-1.0,5,942.369382
10.0,10,942.95627
0.0,6,943.329384
8.0,8,943.828427
-1.0,4,944.167434
-1.0,5,944.494404
-1.0,5,944.952448
9.0,9,945.304958
0.0,6,945.843156
0.0,6,946.180471
-0.299923,5,946.492936
0.0,6,946.795277
-5.0,1,946.904436
-1.0,5,947.276511
9.0,9,947.928792
9.0,9,948.566197
10.0,10,949.202796
9.0,9,949.893895
0.0,6,950.355405
0.0,6,950.647582
9.0,9,951.281282
9.0,9,951.839244
0.0,6,952.149089
10.0,10,952.588154
1.158669,7,952.919119
9.0,9,953.326515
-1.0,5,953.62402
0.0,6,954.113212
9.0,9,954.697559
0.0,5,954.982496
-1.0,5,955.308766
8.0,8,955.815342
9.0,9,956.257507
9.0,9,956.726118
9.0,9,957.182187
9.0,9,957.661328
9.0,9,958.209107
1.0,7,958.615884
0.0,5,958.932171
10.0,10,959.291456
0.0,5,959.556052
0.0,6,960.095642
-5.0,1,960.225972
0.0,6,960.852559
9.0,9,961.38868
0.0,5,963.017716
1.0,6,963.41164
9.0,9,963.935251
0.0,6,964.318301
0.0,6,964.831801
-1.0,4,965.122115
7.615917,9,965.529874
-1.0,5,965.819488
0.0,6,966.175804
-1.0,6,966.540198
9.0,9,966.941018
0.0,6,967.263821
1.0,7,967.906034
0.0,6,968.482655
9.0,9,968.851512
9.0,9,969.321154
-0.841249,5,969.536709
11.0,11,970.434332
0.0,6,970.724042
9.0,9,971.158921
9.0,9,971.792881
0.0,6,972.064343
0.0,6,972.445379
-1.0,5,972.679005
10.0,10,973.173327
-1.0,5,973.613495
9.0,9,974.286327
9.0,9,974.839057
9.0,9,975.409622
0.0,5,975.652353
9.0,9,976.193682
-0.299923,5,976.573666
9.0,9,977.300007
9.0,9,978.17504
9.0,9,978.806215
-1.0,5,979.192296
9.0,9,979.79617
0.0,6,980.173804
9.0,9,980.520309
-1.634655,5,980.933386
-1.0,5,981.256057
9.0,9,981.764186
9.0,9,982.489391
9.0,9,983.344547
0.0,6,983.709445
0.0,6,984.0248
-1.373258,7,984.394791
0.0,5,984.704029
1.0,7,985.254753
-1.0,5,985.507717
9.0,9,986.160638
9.0,9,986.73086
9.0,9,987.430622
10.0,10,988.283153
10.0,10,988.671507
9.0,9,989.132929
-1.223103,6,989.492777
9.0,9,990.28876
8.681208,10,991.389496
3.0,9,991.792256
9.0,9,992.155007
0.0,6,992.388807
9.0,9,992.794788
0.0,6,993.09951
8.0,8,993.825274
10.0,10,994.302762
9.0,9,995.13683
10.0,10,995.756189
9.0,9,997.658258
-1.299552,4,997.926878
0.0,6,998.459563
0.0,6,999.004175
-2.0,4,999.297505
-1.0,5,999.598658
-1.0,5,999.951617
-0.841249,5,1000.187925
10.0,10,1000.622756
0.0,6,1001.024601
9.0,9,1001.547836
9.0,9,1002.007445
10.0,10,1002.523643
10.0,10,1002.857577
-1.958347,5,1003.198219
-0.57992,5,1003.593667
-2.0,5,1003.856049
0.420014,6,1004.118724
9.0,9,1004.640778
0.0,6,1004.93613
0.0,5,1005.220649
0.0,6,1005.775427
1.0,7,1006.294912
10.0,10,1006.999591
0.0,6,1007.246609
8.615645,10,1007.77882
6.562945,9,1008.374214
10.0,10,1009.123427
-1.0,5,1009.5097
9.0,9,1009.999754
1.0,7,1010.699005
0.0,6,1011.03525
10.0,10,1011.856404
10.0,10,1012.472965
-2.0,4,1012.97267
9.0,10,1013.546143
10.0,10,1014.321896
9.0,9,1014.891097
0.420014,6,1015.352258
8.615645,10,1015.765838
9.0,9,1016.086473
-1.0,5,1016.560472
1.0,7,1017.096044
9.0,9,1018.013808
-1.0,5,1018.327523
9.0,9,1018.663704
10.0,10,1019.005261
9.0,9,1019.340078
9.0,9,1019.941386
0.0,6,1020.423814
9.0,9,1021.090019
-1.299552,4,1021.365151
9.0,9,1021.790009
-1.0,5,1022.162364
0.0,6,1022.642831
9.0,9,1023.065979
2.0,8,1023.68976
0.0,5,1024.068218
0.0,6,1024.568954
-2.0,4,1024.890598
9.0,9,1025.739015
8.550182,11,1026.620904
9.0,9,1027.052071
9.0,9,1027.592324
9.0,9,1027.876556
-0.299923,5,1028.201684
9.0,9,1028.546312
8.0,8,1029.185022
8.0,8,1029.926059
0.420014,6,1031.702682
-1.0,5,1031.968539
-0.57992,5,1032.290348
-1.0,5,1032.57912
8.0,8,1032.912648
-1.0,5,1033.229486
0.0,6,1033.528991
9.0,9,1033.854409
9.0,9,1034.638751
-1.84084,4,1034.852722
0.0,5,1035.101018
9.0,9,1035.764341
0.0,6,1036.080518
-1.0,5,1036.377499
10.0,10,1036.806067
9.0,9,1037.713521
10.0,10,1038.466143
-2.0,4,1038.789689
8.0,8,1039.07526
-2.0,4,1039.279109
10.0,10,1039.871866
8.0,8,1040.181123
9.0,9,1040.734816
-1.0,5,1041.143285
-0.57992,5,1041.418251
9.0,9,1041.99999
9.0,9,1042.573936
9.0,9,1043.249633
9.0,9,1044.049393
9.0,9,1044.622591
-1.0,5,1044.848741
8.0,8,1045.247703
-1.0,4,1045.587924
9.0,9,1046.634122
8.615645,10,1047.221487
1.0,6,1047.781592
-0.57992,5,1048.132303
0.0,6,1048.626116
9.0,9,1049.491581
-1.0,5,1050.146508
7.0,7,1050.608985
9.0,9,1051.421997
0.0,6,1051.916295
0.0,6,1052.393465
9.0,9,1053.003919
1.0,7,1053.421024
-1.57953,4,1053.731376
9.0,9,1054.460691
9.0,9,1055.133394
0.0,6,1055.602694
9.0,9,1056.294978
-0.57992,5,1056.70086
8.0,8,1057.317967
9.0,9,1058.206947
8.615844,10,1058.754799
0.0,6,1059.058905
-1.0,5,1059.391616
9.0,9,1059.901413
9.0,9,1060.945855
-1.0,5,1061.429666
10.0,10,1062.017529
0.0,6,1062.330392
9.0,9,1062.622475
9.0,9,1063.074048
8.0,8,1063.468362
-1.0,5,1063.658913
1.0,7,1064.341711
1.0,7,1064.959755
9.0,9,1065.557984
10.0,10,1066.249838
9.0,9,1068.187753
10.0,10,1069.272197
10.0,10,1070.234036
9.0,9,1070.994529
9.0,9,1071.718247
10.0,10,1072.409593
0.0,6,1072.994775
9.0,9,1073.767242
0.0,6,1074.143322
8.0,8,1074.682456
8.0,8,1075.108271
-1.0,5,1075.61116
-1.223103,6,1076.14785
3.0,9,1076.666587
0.158681,6,1076.945519
9.0,9,1077.613783
1.700002,7,1078.142076
9.0,9,1078.557826
10.0,10,1079.361021
0.0,6,1079.832077
0.0,6,1080.299214
-1.0,5,1080.758657
9.0,9,1081.692917
0.0,6,1082.013092
1.0,7,1082.675815
8.0,8,1083.264064
0.0,6,1083.806173
8.0,8,1084.181736
10.0,10,1084.944787
9.0,10,1085.49776
0.0,6,1086.090662
0.0,6,1086.631772
9.0,9,1087.418351
0.0,5,1087.850555
0.0,6,1088.605603
-1.0,5,1088.894252
10.0,10,1089.685073
10.0,10,1090.436331
3.158667,9,1090.914406
0.0,6,1091.514251
9.0,9,1092.397791
9.0,9,1092.894696
-2.0,4,1093.300617
9.0,9,1093.976615
9.0,9,1094.639385
0.0,6,1094.902588
-0.373268,8,1095.516288
0.0,6,1095.915599
0.0,6,1096.180119
0.0,5,1096.491645
0.0,5,1096.927886
0.158681,6,1097.488916
9.0,9,1098.374219
9.0,9,1098.996237
10.0,10,1099.713548
9.0,9,1100.351813
1.0,7,1101.026049
-0.373185,7,1101.656082
-0.299923,5,1101.941935
0.0,6,1102.241906
-1.0,5,1102.526316
0.0,6,1102.982465
-1.0,6,1103.507702
9.0,9,1104.316817
9.0,9,1104.672465
8.0,8,1105.563216
0.0,6,1105.870097
9.0,9,1106.413109
0.0,5,1106.608042
9.0,9,1108.673372
-1.0,5,1109.158407
9.0,9,1109.555706
0.0,6,1109.997807
-2.0,4,1110.256363
-1.0,6,1110.952441
-1.299552,4,1111.267621
10.0,10,1112.009447
0.0,6,1112.407555
9.0,9,1112.921294
10.0,10,1113.70456
-1.0,5,1114.16303
9.0,9,1114.734106
10.0,10,1115.507708
9.615573,11,1116.058838
0.0,6,1116.564443
-5.0,1,1116.671638
9.0,10,1117.206974
8.0,8,1117.866141
-2.0,4,1118.203943
9.0,9,1118.81632
-2.0,4,1119.065842
-1.0,5,1119.450994
10.0,10,1120.188802
0.0,5,1120.400928
9.0,9,1121.034226
8.0,8,1121.518502
-3.0,3,1121.725137
0.0,6,1122.086055
9.0,9,1122.785498
0.0,6,1123.216185
-1.299552,4,1123.525062
-1.0,5,1123.827567
0.0,5,1124.068416
9.0,9,1124.9928
10.0,10,1125.508729
9.0,9,1125.853927
0.0,6,1126.467734
9.0,9,1127.001508
8.0,10,1128.037602
9.0,9,1128.502193
-0.299923,5,1128.950919
10.0,10,1129.685022
8.681208,10,1130.373674
9.0,9,1131.240835
9.0,9,1131.813358
8.0,8,1132.175604
10.0,10,1132.886647
9.0,9,1133.526864
-1.0,5,1133.827829
0.0,6,1134.420001
0.158681,6,1134.896545
-1.0,5,1135.424196
-1.0,5,1135.824965
-0.299923,5,1136.057608
7.562943,10,1136.851166
-1.0,5,1137.241948
9.0,9,1137.988117
-0.841249,5,1138.30495
10.0,10,1139.129018
10.0,10,1139.979322
9.0,9,1140.38043
0.0,6,1140.891041
0.420014,6,1141.560075
-1.0,5,1141.942081
10.0,10,1142.550684
0.0,6,1143.03566
-1.0,5,1143.405293
-1.0,5,1143.862978
9.0,9,1144.848988
9.681208,11,1145.751537
9.0,9,1147.938231
10.0,10,1148.686116
0.0,6,1149.061911
7.615917,9,1149.441882
8.0,8,1149.847645
10.0,10,1150.799417
0.0,7,1151.421111
0.0,6,1151.97793
-0.57992,5,1152.241904
1.0,7,1152.965313
10.0,10,1153.465196
0.0,6,1153.809903
8.0,8,1154.500645
1.0,7,1155.083741
9.0,9,1155.547934
9.0,9,1155.946064
9.0,9,1156.393482
-1.0,5,1156.586182
0.0,6,1156.868523
0.420014,6,1157.108865
9.0,9,1157.796629
0.0,5,1158.107991
1.158669,7,1158.495032
9.0,9,1158.92203
9.0,9,1159.37846
10.0,10,1160.059574
0.0,6,1160.517839
0.0,6,1160.782928
-2.0,4,1161.278927
10.0,10,1161.914845
0.0,6,1162.396695
-0.841249,5,1162.743242
0.0,6,1163.243819
9.0,9,1164.059512
10.0,10,1164.769853
0.0,6,1165.06225
8.0,8,1165.598728
9.0,9,1166.310497
-0.299923,5,1166.504603
-1.0,5,1166.78066
-1.0,5,1167.092921
0.0,5,1167.446153
9.0,9,1167.993136
0.0,6,1168.244407
8.0,8,1168.940365
0.0,6,1169.318282
9.0,9,1169.762703
-1.57953,4,1169.984363
10.0,10,1170.573804
3.0,9,1171.536756
9.0,9,1172.446258
0.0,6,1172.801776
-1.299552,4,1173.140264
0.0,6,1173.678965
0.0,6,1174.111602
-1.0,5,1174.338273
-0.299923,5,1174.532874
10.0,10,1175.193697
-1.318719,6,1175.629754
9.0,9,1176.407805
9.0,9,1177.034012
10.0,10,1177.732866
4.0,5,1177.953414
10.0,10,1178.49196
-2.0,4,1178.749037
-1.0,5,1178.961509
5.0,6,1179.311484
9.0,9,1179.958889
0.0,6,1180.305366
0.158681,6,1180.612837
9.0,9,1181.51315
1.0,7,1183.118926
9.0,9,1183.696477
-1.0,5,1184.017811
-0.841249,5,1184.330803
-0.299923,5,1184.569442
0.0,6,1185.108705
0.420014,6,1185.541518
0.0,6,1186.030051
9.0,9,1186.715921
1.0,7,1187.131817
9.0,9,1187.928427
-1.57953,4,1188.179827
9.0,9,1188.839077
9.0,9,1189.415822
9.0,9,1190.095348
-1.0,5,1190.422323
0.0,5,1190.598513
2.0,8,1190.935776
-2.0,4,1191.171815
9.0,9,1191.875072
10.0,10,1192.444338
9.0,9,1192.826287
0.0,6,1193.088482
9.0,9,1193.651668
-0.57992,5,1193.911398
10.0,10,1194.70768
9.0,9,1195.369057
0.0,6,1195.804791
9.0,9,1196.381844
10.0,10,1197.056635
0.0,7,1197.427653
1.0,7,1197.801229
0.0,6,1198.045789
-1.0,5,1198.259811
0.0,6,1198.473409
10.0,10,1199.040295
9.0,9,1199.630903
-1.0,5,1199.999087
10.0,10,1200.610276
-1.0,5,1200.984821
-1.0,5,1201.26454
-1.0,5,1201.448226
-1.0,5,1201.565294
-2.0,4,1201.764312
9.0,9,1202.368765
-1.0,5,1202.646277
9.0,9,1203.109623
9.0,9,1203.844347
-5.0,1,1203.970472
9.0,9,1204.492484
0.0,6,1204.876198
-1.0,5,1205.114492
8.0,8,1205.697927
-1.0,5,1205.9967
9.0,9,1206.442494
1.0,6,1206.832474
9.0,9,1207.523072
0.700013,6,1208.112741
9.0,9,1208.775297
9.0,9,1209.45636
9.0,9,1209.892679
10.0,10,1210.838905
0.0,5,1211.168839
9.0,9,1211.687029
10.0,10,1212.40106
10.0,10,1213.03607
10.0,10,1213.486131
-0.373185,7,1213.936356
10.0,10,1214.766077
0.0,6,1215.076858
-0.841249,5,1215.363211
8.615645,10,1217.508467
-2.0,4,1217.882832
10.0,10,1218.337909
-0.841249,5,1218.707883
9.0,9,1219.489915
-1.0,4,1219.759182
9.0,9,1220.409655
-2.0,4,1220.731143
-0.57992,5,1221.01345
8.0,8,1221.512558
10.0,10,1222.264726
-1.57953,4,1222.566084
9.0,9,1222.866795
0.0,6,1223.185079
10.0,10,1223.659252
0.0,6,1224.045255
0.420014,6,1224.448094
-1.0,5,1224.757113
-1.0,5,1225.107021
-2.0,4,1225.39851
10.0,10,1225.902619
9.0,9,1226.592399
0.0,6,1227.066551
0.0,6,1227.529134
9.0,9,1227.991758
1.0,7,1228.742151
9.0,9,1229.205148
-0.841249,5,1229.511787
1.0,6,1229.998204
0.0,6,1230.405496
9.0,9,1231.022599
9.0,9,1231.733795
-2.0,4,1231.99019
0.0,6,1232.592731
9.0,9,1232.890286
9.0,9,1233.682156
0.0,6,1234.137809
-0.299923,5,1234.392089
9.0,9,1234.743967
9.0,9,1235.261222
8.0,8,1235.56634
-1.0,4,1235.959374
9.0,9,1236.564677
10.0,10,1237.326973
-2.0,4,1237.658408
3.0,9,1238.145733
9.0,9,1238.477885
9.0,9,1238.924557
0.0,6,1239.363466
0.0,6,1239.737957
-1.0,5,1240.098559
-2.0,4,1240.36219
0.0,6,1240.654064
0.0,6,1241.232237
-2.0,4,1241.437069
9.0,9,1241.851604
10.0,10,1242.396387
-1.0,5,1242.658952
0.0,6,1243.316965
-1.0,5,1243.701125
10.0,10,1244.093982
0.0,6,1244.48912
0.0,6,1244.852333
9.0,9,1245.378513
10.0,10,1246.13139
8.0,8,1246.740966
10.0,10,1247.426802
8.0,8,1248.041135
9.0,9,1248.920981
0.0,6,1249.38112
9.0,9,1249.920694
9.0,9,1251.926177
10.0,10,1253.145848
9.0,9,1253.794611
-1.0,5,1254.08845
9.0,9,1255.15072
9.0,9,1255.79632
9.0,9,1256.440379
0.0,5,1256.743286
9.0,9,1257.233555
9.0,9,1257.842209
9.0,9,1258.38832
9.0,9,1259.224365
0.0,5,1259.496993
10.0,10,1259.964434
9.0,9,1260.438004
0.0,6,1261.028912
-0.299923,5,1261.39172
-1.0,5,1261.642151
0.0,6,1261.865534
0.0,5,1262.028502
10.0,10,1262.479445
8.0,8,1262.9577
10.0,10,1263.556372
0.0,6,1264.098491
2.42,8,1264.648456
-2.0,4,1264.950802
-1.0,5,1265.232891
10.0,10,1265.953269
-1.0,5,1266.195862
9.0,9,1266.928082
-3.563902,2,1267.128736
0.0,6,1267.710055
-1.0,5,1268.064154
9.0,9,1268.545882
9.0,9,1269.21036
9.0,9,1270.063934
9.0,9,1270.886865
0.420014,6,1271.249231
9.0,9,1271.763774
9.0,9,1272.327816
1.0,7,1272.798842
0.0,6,1273.192538
0.0,6,1273.510935
0.0,6,1273.882376
10.0,10,1274.668517
10.0,10,1275.396098
0.420014,6,1275.833371
8.0,8,1276.522464
9.0,9,1277.271397
9.0,9,1277.900446
10.0,10,1278.485266
10.0,10,1279.346739
-1.0,5,1279.650761
10.0,10,1280.364419
1.0,6,1280.68226
-2.0,4,1280.962427
8.0,8,1281.335703
10.0,10,1282.228056
9.0,9,1282.889883
9.0,9,1283.668293
-1.84084,4,1283.929594
0.0,6,1284.382046
0.158681,6,1284.858969
10.0,10,1285.499936
-2.0,4,1285.831563
-1.0,5,1286.216909
0.0,5,1286.481086
-1.0,5,1286.820393
8.0,8,1287.774094
9.0,9,1289.640934
9.0,9,1290.351875
10.0,10,1291.345627
1.0,7,1291.829123
0.700013,6,1292.349704
-1.0,5,1292.632222
8.0,8,1293.075337
0.0,6,1293.645522
-1.0,5,1293.914936
10.0,10,1295.053418
0.420014,6,1295.557872
10.0,10,1296.41625
0.158681,6,1297.145793
-0.841249,5,1297.66147
-2.0,4,1298.112296
-1.0,5,1298.465663
10.0,10,1299.260672
9.0,9,1300.137167
0.0,6,1300.561514
8.0,8,1301.23157
10.0,10,1302.103773
-1.0,5,1302.473057
0.0,6,1302.815857
-2.838445,3,1303.166779
7.681208,9,1303.701811
-1.0,5,1304.085061
0.0,6,1304.603715
-1.0,4,1304.999699
8.0,8,1305.601627
10.0,10,1306.231514
0.0,5,1306.462322
10.0,10,1307.364785
7.617435,9,1308.072538
0.158681,6,1308.598051
9.0,9,1309.103778
9.0,9,1309.693763
10.0,10,1310.447847
10.0,10,1311.135181
9.0,9,1311.80343
9.0,9,1312.192313
-0.841249,5,1312.591745
9.0,9,1313.324349
1.0,7,1313.834195
0.0,6,1314.167934
8.0,8,1314.904722
0.0,6,1315.621004
9.0,9,1316.373091
9.0,9,1316.955439
-1.0,5,1317.375593
-1.0,5,1317.67162
0.0,6,1318.08042
0.0,6,1318.366895
10.0,10,1318.895832
9.0,9,1319.367777
-0.841249,5,1319.804286
1.0,6,1320.375231
9.0,9,1320.952953
-1.0,5,1321.268055
0.700013,6,1321.630885
9.0,9,1321.980764
9.0,9,1322.417962
-0.299923,5,1322.689029
0.158681,6,1323.380448
8.0,8,1323.905575
-0.57992,5,1324.232075
0.420014,6,1324.685775
9.0,9,1325.213375
1.0,7,1325.509064
9.0,9,1326.1604
9.0,9,1326.691519
0.0,6,1327.328643
9.0,9,1329.38681
-1.0,5,1329.918914
9.0,9,1330.502947
0.700013,6,1331.30134
0.0,6,1331.71878
0.0,6,1332.180019
10.0,10,1332.931819
-0.841249,5,1333.324706
9.0,9,1333.885918
0.0,5,1334.438506
-1.0,5,1334.808697
-1.0,5,1335.071228
-1.0,5,1335.631614
10.0,10,1336.020605
0.0,5,1336.28965
0.0,6,1336.768879
10.0,10,1337.644162
0.0,6,1338.08446
10.0,10,1338.959464
0.420014,6,1339.45875
9.0,9,1340.174803
9.0,9,1340.754678
0.0,6,1341.190995
0.420014,6,1341.629367
0.0,6,1342.109921
2.0,7,1342.669262
-1.0,5,1343.07426
9.0,9,1343.60364
-1.0,5,1343.845984
8.0,8,1344.29111
9.0,9,1345.086061
1.158669,7,1345.604737
0.0,6,1345.919015
9.0,9,1346.544981
8.0,8,1346.799911
10.0,10,1347.250263
9.0,9,1347.716106
10.0,10,1348.202877
1.0,6,1348.773272
10.0,10,1349.728192
8.0,8,1350.496592
9.0,9,1350.835778
0.0,6,1351.357034
9.0,9,1351.992348
10.0,10,1352.298016
1.0,7,1352.638041
0.0,6,1352.913014
-0.841249,5,1353.371773
0.0,6,1353.783281
-0.841249,5,1354.180649
10.0,10,1354.97133
0.0,6,1355.546862
-1.0,5,1355.845025
-1.0,5,1356.332029
11.0,11,1357.239277
9.0,9,1358.220189
9.0,9,1358.743618
9.0,9,1359.432277
-0.841249,5,1359.80674
-1.0,5,1360.083571
0.0,6,1360.527107
0.0,6,1361.058403
10.0,10,1361.595576
-1.0,5,1361.950722
0.0,6,1362.594501
9.0,9,1362.988446
0.0,5,1363.292299
9.0,9,1363.989642
-1.0,5,1364.326554
-1.0,6,1364.556816
5.0,6,1364.850222
0.0,6,1365.544808
1.0,7,1367.337898
10.0,10,1367.882298
-0.841249,5,1368.208516
9.0,9,1368.558662
0.0,5,1369.163557
10.0,10,1369.912116
0.0,6,1370.286428
10.0,10,1370.788982
0.0,6,1371.113091
-5.0,1,1371.234447
9.0,9,1371.698463
9.0,9,1372.3884
9.0,9,1373.392904
9.0,9,1373.849333
0.0,6,1374.213279
9.0,9,1374.788588
0.0,6,1375.2227
-1.57953,4,1375.610037
-1.0,5,1375.920217
0.0,5,1376.347919
9.0,9,1377.240359
9.0,9,1377.844443
9.0,9,1378.488278
9.0,9,1379.268528
-2.0,4,1379.58349
9.0,9,1379.938907
10.0,10,1380.370876
9.0,9,1381.266822
9.0,9,1381.739761
-0.841249,5,1382.153069
9.0,9,1382.850023
9.0,9,1383.685013
10.0,10,1384.656895
0.0,6,1385.148291
11.0,11,1385.895672
9.0,9,1386.61905
0.0,6,1387.049317
0.0,6,1387.56726
9.0,9,1387.86497
-2.0,4,1388.242504
-1.0,5,1388.636358
10.0,10,1389.41266
10.0,10,1389.954133
9.0,9,1390.706409
9.0,9,1391.301723
10.0,10,1391.865124
9.0,9,1392.280374
-1.0,5,1392.627883
9.0,9,1393.216116
10.0,10,1393.607882
9.0,9,1394.143832
-5.0,1,1394.260424
9.0,9,1394.961226
-2.0,4,1395.362588
0.700013,6,1395.741414
8.0,8,1396.133083
8.0,8,1396.550045
10.0,10,1397.025106
-2.29738,3,1397.208819
3.0,9,1397.756082
9.0,9,1398.221229
0.0,6,1398.58044
0.0,6,1398.832415
9.0,9,1399.077055
-1.84084,4,1399.317824
9.0,9,1399.910505
9.0,9,1400.628977
-0.841249,5,1401.000475
0.0,6,1402.759231
9.0,9,1403.671831
10.0,10,1404.238149
-0.299923,5,1404.590189
8.0,8,1405.112623
-1.0,5,1405.246998
-1.0,5,1405.486705
10.0,10,1406.436799
0.0,6,1406.720242
0.0,6,1407.011168
0.0,5,1407.343722
0.0,6,1407.851333
-1.0,5,1408.331033
0.0,6,1408.684487
-0.57992,5,1409.226471
9.0,9,1410.076204
-0.57992,5,1410.396283
8.0,8,1410.678344
10.0,10,1411.588258
10.0,10,1412.303454
-1.0,5,1412.658715
9.0,9,1413.319319
9.0,9,1413.747851
9.0,9,1414.446362
9.0,9,1414.750972
-1.0,5,1415.096637
-1.0,5,1415.334906
-1.0,5,1415.638579
9.0,9,1416.002548
9.0,9,1416.575654
-1.0,5,1416.955226
9.0,9,1417.481446
0.0,6,1417.829013
0.0,6,1418.119993
-1.0,5,1418.49919
-1.0,5,1418.861605
9.0,9,1419.571566
-0.299923,5,1419.960387
-1.0,5,1420.360585
10.0,10,1421.042934
-5.0,1,1421.166593
-1.0,5,1421.546413
-1.0,5,1421.972132
9.0,10,1422.468232
9.0,9,1422.827897
0.0,6,1423.31625
0.0,5,1423.680931
0.0,6,1424.240709
0.0,6,1424.630077
9.0,9,1425.376502
0.0,5,1425.595737
9.0,9,1425.970499
9.0,9,1426.33861
0.158681,6,1427.052078
9.0,9,1427.553633
10.0,10,1428.091179
9.0,9,1428.672886
9.0,9,1429.110654
10.0,10,1430.134081
0.0,6,1430.498162
9.0,9,1430.933873
10.0,10,1431.554549
-1.0,5,1431.953542
8.0,8,1432.463113
0.0,6,1432.907087
-1.0,5,1433.239234
9.0,9,1433.624398
0.0,5,1433.881506
-1.0,5,1434.206704
9.0,9,1434.619919
10.0,10,1435.2123
10.0,10,1436.058591
