#{"t_start": 1763702262.0168269, "env_id": "Team7-v0"}
r,l,t
17.236546,25,4.126542
10.330635,16,6.230962
5.103704,8,7.294335
20.526781,31,11.195
6.138771,10,12.528816
8.558236,13,14.182204
13.371236,19,16.592154
7.157447,11,18.004886
14.015107,21,20.716514
4.260213,7,21.677373
10.92381,16,23.823354
3.52381,6,24.623899
13.310073,20,27.292164
5.877082,9,28.498299
27.917005,40,33.397468
18.265574,26,36.736671
10.505076,15,38.69863
8.003655,12,40.238009
28.999994,40,45.147275
3.56376,6,45.918308
11.715946,18,48.267977
6.609524,10,49.592916
6.492418,10,50.885572
27.214019,40,56.085176
9.795593,14,57.921692
9.991164,15,59.938179
15.162622,22,62.932783
5.253058,8,63.999394
7.142857,11,65.470112
13.257143,19,68.149428
3.458051,6,68.964896
11.225269,16,71.027221
11.52138,17,73.294969
9.967614,14,75.195595
10.166117,15,77.151988
8.206422,13,78.894391
8.8,14,80.717455
9.428571,14,82.536869
8.780952,13,84.301796
5.384699,8,85.365494
4.295238,7,86.310112
7.352381,11,87.776519
9.679941,15,89.833174
7.337786,11,91.306843
5.009524,8,92.387888
8.718443,14,94.230949
12.424326,19,96.60011
13.171429,20,99.202998
14.27619,21,102.012183
12.238095,19,104.431795
5.927913,9,105.684818
8.823439,13,107.376599
7.630982,11,108.858353
6.057143,10,110.226738
5.155335,8,111.380677
10.295238,15,113.307509
7.37173,11,114.765374
5.190476,8,116.037903
11.577955,18,118.460167
10.685087,16,120.738398
5.789069,9,122.044936
28.100668,40,127.388295
9.824999,14,129.274811
6.0,10,130.649056
12.872573,18,133.083064
23.900606,35,137.83249
28.278339,40,143.065253
15.816578,23,146.142882
7.956535,12,147.93709
4.454681,7,149.046157
9.563006,14,151.007577
8.139453,12,152.915556
7.098366,11,154.454258
18.742857,29,158.402935
14.891162,23,161.45162
9.482093,14,163.322883
19.597106,28,167.20717
5.715062,9,168.497698
27.374328,40,173.496279
4.602485,7,174.463456
10.832533,16,176.825838
4.338878,7,177.772386
4.472015,7,178.726182
8.896653,13,180.471976
19.681586,28,184.257482
5.994766,9,185.481657
10.469017,16,187.69188
3.015645,5,188.398079
8.252414,13,190.154867
5.672892,9,191.440668
28.179553,40,196.799366
8.680758,13,198.696759
4.857143,8,199.747597
11.273242,17,202.346499
12.266252,18,205.345191
3.390476,6,206.320018
10.763333,16,208.801854
19.419015,29,212.936728
8.565622,13,214.682165
8.744805,13,216.483496
7.72381,12,218.085038
13.18238,19,220.534231
28.438091,40,225.675156
10.152381,15,227.682894
10.885597,16,230.202772
12.881563,20,232.887623
6.34471,10,234.268931
7.390476,12,236.208737
12.809291,18,238.689339
3.740894,6,239.533094
4.414376,7,240.522318
15.2,23,243.734936
9.490435,14,245.644202
19.802513,30,249.646769
12.560433,19,251.852491
12.467199,18,254.17532
28.310852,40,259.265644
12.51021,18,261.707012
2.396188,4,262.254381
5.900108,9,263.510642
16.019048,25,266.757999
8.313954,13,268.488117
3.616328,6,269.283996
3.739978,6,270.080787
7.390476,11,271.502281
14.060434,21,274.183386
7.542857,12,275.761371
8.826166,13,277.49858
8.567295,13,279.253015
28.868424,40,283.826522
3.712349,6,284.62381
27.485714,40,289.780397
4.447619,7,290.707231
11.412129,17,292.943425
2.790476,5,293.635147
20.409001,31,297.719024
28.227248,40,302.790261
4.419048,7,303.719785
7.609524,12,305.30104
7.429281,11,306.789306
12.708919,19,309.819993
10.580952,16,312.143188
5.038095,8,313.253704
4.950135,8,314.357008
4.330345,7,315.295839
7.304762,11,316.777034
13.695238,20,319.412997
10.07619,16,321.560335
10.352381,16,323.735389
21.120578,29,327.486818
5.302043,8,328.541596
3.730012,6,329.385298
7.625045,11,330.929653
16.264094,25,333.990431
10.907891,15,336.068217
20.051411,31,340.217383
5.950132,9,341.41381
23.229225,35,345.986212
27.870634,40,351.135541
4.551323,7,352.071431
5.72381,9,353.3575
5.752462,9,354.533674
9.809524,15,356.693618
12.114286,18,359.102371
10.997458,17,361.383974
11.954548,18,363.841639
14.185383,21,366.655324
9.4,15,368.600999
3.773116,6,369.425061
6.443111,10,370.763734
13.590476,21,373.423455
20.126795,29,377.166018
4.915043,8,378.24833
3.015645,5,378.928323
18.58343,26,382.430463
4.142442,7,383.376076
18.434359,28,387.551774
2.856728,5,388.221377
2.980952,5,388.875688
7.371429,12,390.422885
4.391898,7,391.35641
12.161905,19,393.890242
4.35441,7,394.814631
3.610278,6,395.614244
3.585106,6,396.407931
9.532601,15,398.382528
12.571741,18,400.699392
8.857143,14,402.488124
4.410882,7,403.410716
10.680865,15,405.459909
19.766279,28,409.132579
4.714286,8,410.202145
8.6491,13,411.964783
27.871289,40,416.782678
5.079528,8,417.872264
8.219048,13,419.580693
8.533774,13,421.359423
18.456359,27,424.850424
27.041517,40,429.828892
24.704762,37,434.45883
5.142857,8,435.513953
8.542857,13,437.243497
5.038095,8,438.29033
10.434308,16,440.351239
18.235537,28,444.033217
8.977583,13,445.718449
10.995819,16,447.736136
18.354554,26,451.172635
4.316175,7,452.101055
27.280345,40,457.231315
8.853009,13,458.982319
3.333333,6,459.795445
6.47619,10,461.152717
4.67619,8,462.240299
8.413707,12,464.21835
13.13587,19,466.833918
21.956226,33,471.513317
11.176599,16,473.666642
19.588192,29,477.879183
16.647619,24,481.266851
14.733333,22,484.040718
18.529865,27,487.508322
12.142857,19,489.991873
7.828571,12,491.574493
22.580975,34,495.780548
7.133333,11,497.298958
17.652191,26,500.712373
26.428571,38,505.534038
7.646125,12,507.150501
6.920141,11,508.631575
12.171429,19,511.039693
13.844306,21,513.640118
7.301359,11,515.105275
13.313744,20,517.756799
10.904762,17,519.974377
26.761905,40,524.756093
12.179393,18,527.146117
13.465096,19,529.665655
3.52381,6,530.473029
2.937146,5,531.130646
3.814775,6,531.938997
12.2,18,534.306375
7.695238,12,536.064477
2.821302,5,536.741877
10.733333,17,538.985681
8.43009,13,540.666042
20.171429,31,545.033083
9.380952,15,546.988935
12.771429,19,549.409651
5.752381,9,550.609191
19.032556,28,554.187334
26.6232,40,559.169576
8.0,12,560.779764
2.295133,4,561.325048
23.485714,36,565.712039
24.569617,36,570.413652
2.876455,5,571.107754
2.928662,5,571.783495
4.790008,8,572.83859
6.771429,11,574.266576
12.685714,19,576.80132
20.557885,30,580.648444
3.333333,6,581.456777
5.823721,9,582.668769
27.157636,40,587.443628
10.952381,17,589.598178
8.428581,12,591.20337
2.828156,5,591.864321
11.418688,17,594.11297
8.712125,13,596.003864
8.67619,13,597.710364
10.275112,15,599.649929
9.714286,15,601.610489
9.666667,15,603.579299
11.114286,17,605.922361
7.361553,12,607.485872
24.825568,36,612.142833
7.438095,12,613.764303
11.209524,17,615.950048
18.561905,27,619.724262
14.590476,21,622.510064
27.284538,40,627.89199
21.386131,31,631.805551
16.780952,24,634.845899
4.999448,8,635.921828
10.4,16,638.066908
3.542857,6,638.886142
4.67619,8,639.956336
23.628571,36,644.499844
27.080058,40,649.696954
6.285714,10,650.997527
10.685714,16,653.080588
7.899167,12,654.675549
16.533333,24,658.024094
8.419048,13,659.729631
19.085714,27,663.179376
11.874632,18,665.572948
5.466667,9,666.745787
27.742857,40,671.463905
28.450603,40,676.416103
15.301748,23,679.293806
7.433032,12,680.862911
10.219048,16,682.917236
5.811851,9,684.106558
10.12381,15,686.064649
28.079609,40,691.173661
8.209524,13,692.894173
13.6,21,695.654416
8.360027,12,697.499629
26.809558,40,702.582044
8.887566,13,704.287742
10.742857,17,706.424842
15.771429,23,709.410569
5.520648,8,710.492728
8.057143,13,712.164571
4.771429,8,713.209284
28.980952,40,718.256529
8.841682,14,720.085512
5.638095,9,721.279048
11.139755,16,723.387111
14.733333,23,726.433257
7.685714,12,728.136291
6.809524,11,729.628059
2.051776,4,730.169594
7.761905,12,731.714404
24.252594,36,736.216366
20.152381,31,740.141611
10.895238,16,742.208951
10.164551,16,744.254653
10.334698,15,746.220091
6.561905,10,747.516221
10.557175,16,749.605243
22.238095,34,753.692683
27.485714,40,758.485458
26.939118,40,763.328528
19.295238,28,766.79668
13.561905,20,769.403073
28.171429,40,774.492543
5.685714,9,776.252521
5.595729,9,777.476893
27.47619,40,782.406722
26.257143,38,787.11556
13.304762,20,789.760456
26.704762,40,794.66583
7.571429,12,796.24773
9.342857,15,798.240922
4.142857,7,799.178679
27.695238,40,804.291467
20.819048,30,808.211987
2.666667,5,808.882635
7.352381,11,810.333084
27.380952,40,815.467431
10.180952,16,817.521171
14.733333,23,820.542962
8.8,14,822.329453
6.819254,10,823.629274
19.714286,30,827.216536
20.666748,30,831.016222
7.247619,11,832.499395
15.209524,22,835.63337
7.595329,12,837.2092
10.104142,15,839.224162
9.447619,14,841.078318
13.695238,20,843.582494
20.390476,30,847.306909
11.284088,17,849.500298
28.937487,40,854.723129
16.061709,23,857.819028
11.52381,17,860.087837
7.419048,12,861.717675
27.6,40,866.580062
8.390476,13,868.336484
28.885714,40,873.533413
28.838095,40,878.898677
16.828571,25,882.040973
6.67619,11,883.515866
26.72381,40,888.710983
10.942857,16,890.791635
9.228571,14,892.562746
9.52381,15,894.534129
22.27619,34,898.926195
26.028571,40,904.087394
9.895238,15,906.107123
12.87619,19,908.616488
5.933333,9,909.79947
7.549605,12,911.411858
18.780952,29,915.066545
27.228571,40,919.926875
7.438095,12,921.482217
12.914286,19,923.968552
18.0,26,927.211938
27.447619,40,932.524164
19.095238,28,936.177279
23.752381,36,940.816192
8.866667,13,942.572803
11.504762,18,944.969774
12.228571,18,947.354373
27.438095,40,952.16275
9.438095,14,954.046192
28.580952,40,959.355288
10.12381,16,961.543514
12.622461,18,963.841913
3.390476,6,964.637833
23.499395,33,968.770976
20.52381,30,972.539207
12.0,19,974.941869
6.404157,10,976.261566
11.295238,17,978.53237
6.176877,10,979.840386
10.97343,16,981.880505
6.666667,10,983.214508
6.542857,10,984.545755
28.380952,40,989.623765
10.733333,16,991.742003
6.219048,10,993.088558
7.761905,12,994.699199
12.066667,18,996.941237
12.078835,19,999.286783
7.352381,12,1000.866405
10.742857,16,1003.004323
8.209524,13,1004.699134
3.419048,6,1005.471994
11.133333,17,1007.746745
25.609524,38,1012.766155
5.67619,9,1013.983074
6.980952,11,1015.580219
4.938084,8,1016.665023
15.704762,23,1019.535067
6.928631,11,1020.981704
8.0,13,1022.707439
13.466667,20,1025.24664
28.228571,40,1030.386159
26.838095,40,1035.241465
8.057143,12,1036.878867
12.361905,19,1039.532721
21.142857,32,1044.106185
10.066667,16,1046.249819
16.904762,25,1049.503564
8.352381,13,1051.177243
9.197716,14,1053.047532
16.228571,24,1056.145082
20.847619,31,1060.07202
27.6,40,1064.965808
26.895238,40,1069.91508
11.666667,17,1072.08809
24.2,36,1076.661817
7.342857,12,1078.279065
13.428571,21,1080.938961
22.752381,33,1084.990812
28.428571,40,1090.138207
25.390476,36,1094.593648
27.32381,40,1099.577925
21.12381,31,1103.416635
13.933333,21,1106.117399
5.057143,8,1107.150854
11.014164,16,1109.197079
6.428571,10,1110.488502
17.790476,27,1114.017382
10.561905,16,1116.076449
12.209524,19,1118.483674
5.485714,9,1119.690663
29.2,40,1124.533023
17.895238,26,1127.876012
21.104762,31,1131.487366
14.742857,22,1134.202724
8.733333,14,1136.116539
10.047619,15,1138.154683
26.895238,40,1143.140857
27.238095,40,1148.121809
13.514286,21,1150.861315
27.299338,40,1155.693951
26.761905,40,1160.714841
14.515641,21,1163.445246
4.12381,7,1164.403188
5.4,9,1165.768168
28.514286,40,1171.135337
4.771429,8,1172.209248
9.390476,15,1174.115557
20.719531,29,1177.713452
28.982678,40,1182.7516
7.561905,12,1184.319532
13.561905,20,1186.909146
12.590476,19,1189.366938
8.761905,13,1191.093886
6.742857,11,1192.53506
27.895238,40,1197.618843
8.352462,13,1199.314404
24.380952,37,1204.113775
27.515638,40,1209.370265
8.561905,13,1211.068795
26.828571,40,1216.227095
7.961905,12,1217.85757
9.857143,15,1219.750696
15.171429,23,1222.669667
28.74771,40,1227.559394
15.466667,22,1230.430288
12.352381,19,1232.904479
4.333333,7,1233.845033
24.828571,35,1238.1939
10.914286,16,1240.219821
29.316619,40,1244.924181
15.891953,23,1248.077111
8.914286,14,1249.947135
5.780952,9,1251.16071
9.485714,14,1253.025486
24.095238,34,1257.735304
20.87619,32,1261.989659
4.308916,7,1262.902242
17.561905,25,1266.230733
17.659476,27,1269.581653
22.133333,33,1273.637884
10.047619,16,1275.737838
28.752381,40,1281.059521
11.485714,18,1283.45643
12.105064,19,1285.938994
26.926143,40,1290.942958
18.895238,27,1294.18631
17.580952,27,1297.757241
5.161905,8,1298.914204
15.47619,23,1301.759781
6.133333,10,1303.07976
10.571429,16,1305.135703
2.085714,4,1305.687989
11.67619,18,1308.058567
4.685714,8,1309.11605
3.68961,6,1309.903159
20.518386,31,1313.674567
8.925679,13,1315.55176
19.857143,28,1319.182052
5.489871,9,1320.344762
28.628571,40,1325.605128
12.533333,18,1327.933254
14.733333,23,1330.852997
13.4,21,1333.626046
8.838095,13,1335.321078
22.07619,33,1339.291911
11.314286,17,1341.593167
9.295238,14,1343.515133
17.171429,25,1346.883256
15.438095,22,1349.858921
8.161905,13,1351.571132
19.585109,28,1355.105574
26.504762,40,1359.822633
8.704762,14,1361.65943
20.238095,31,1365.601343
4.771429,8,1366.657396
7.342857,12,1368.237221
8.104762,12,1369.80469
18.238095,28,1373.311335
5.463267,9,1374.492236
16.0,23,1377.541044
9.190476,14,1379.429306
4.380952,7,1380.354131
26.704762,40,1385.237429
23.304762,33,1389.260111
12.666667,20,1391.91462
29.381254,40,1397.031988
19.428571,29,1400.852603
29.308341,40,1406.014789
27.266667,40,1411.117581
21.980952,31,1415.487863
28.238095,40,1421.242049
10.771429,17,1423.636214
15.333333,22,1426.742489
13.266667,19,1429.148471
17.67619,27,1432.564087
7.085714,11,1434.030351
28.857143,40,1439.087433
6.619048,10,1440.377053
27.104762,40,1445.004687
16.27619,25,1448.09342
5.933333,9,1449.285121
21.161905,30,1453.028169
28.019048,40,1458.088493
4.190476,7,1458.996077
28.228571,40,1463.8576
15.980952,23,1466.688032
12.019048,18,1469.085679
7.838095,12,1470.668279
26.809524,40,1475.872312
5.419048,9,1477.33088
16.142857,23,1480.220496
4.266667,7,1481.12485
6.152381,10,1482.413307
12.742857,19,1484.925681
20.390476,29,1488.547269
4.666667,8,1489.611399
15.942857,23,1492.575323
27.52381,40,1497.678229
6.666667,10,1498.981893
13.180952,19,1501.355106
7.190476,11,1502.802778
28.057143,40,1507.727949
24.442662,37,1512.412854
12.714286,20,1514.978518
11.066667,16,1516.938031
11.638095,17,1519.161052
11.67619,17,1521.438997
6.447619,10,1522.745792
11.552381,17,1524.969834
28.52381,40,1529.778713
5.099395,8,1530.826342
16.914286,26,1534.029218
22.828571,34,1538.337582
29.266667,40,1543.263583
15.542857,24,1546.361916
28.561905,40,1551.336401
11.333333,18,1553.782375
28.028571,40,1559.096392
28.228571,40,1563.915016
20.028571,29,1567.655538
10.057143,16,1569.77939
9.809524,15,1571.721485
3.390476,6,1572.508515
5.047619,8,1573.562726
15.314286,23,1576.286263
5.447619,9,1577.503517
10.047619,16,1579.586914
9.761905,15,1581.525986
25.552381,36,1586.259566
27.080347,40,1591.276134
21.066667,31,1595.189524
11.669053,17,1597.659203
12.942857,20,1600.215504
27.306987,40,1605.240223
18.161905,28,1608.687032
7.142857,11,1610.165316
18.768127,27,1613.587062
15.104762,23,1616.785885
9.409524,15,1618.762985
9.457143,15,1620.748594
29.333333,40,1625.82389
6.285714,10,1627.142898
15.942938,23,1630.061508
16.095238,23,1633.290554
20.942857,31,1637.312834
27.07619,40,1642.202448
13.057143,20,1644.771165
6.52381,10,1646.079498
12.857143,20,1648.675236
10.333333,15,1650.621382
14.952381,23,1653.624558
5.2,8,1654.6877
12.952381,19,1657.153346
18.192794,27,1660.630667
13.457143,20,1663.271538
6.857143,11,1664.699291
25.571429,36,1669.066918
28.828571,40,1673.650245
16.885714,25,1676.933492
27.333333,40,1681.828665
27.25483,40,1687.15322
13.27619,20,1689.760328
9.495238,14,1691.598962
3.733333,6,1692.430334
26.47619,38,1697.518149
13.066667,19,1700.033011
13.380952,21,1702.661751
8.742857,14,1704.552449
27.609524,40,1709.80016
11.304762,17,1712.572341
23.219048,33,1716.853559
16.752381,26,1720.340429
28.785109,40,1725.8305
14.180952,21,1728.69376
21.257143,30,1732.494029
29.180952,40,1737.646911
27.354711,40,1742.541118
21.742857,33,1746.622117
14.295238,22,1749.446355
28.209524,40,1754.474806
29.03652,40,1759.571466
12.714286,20,1762.220976
14.666667,23,1765.211237
18.0,28,1768.833556
26.704762,40,1774.253009
4.438095,7,1775.180019
10.990476,16,1777.302243
29.333333,40,1782.386639
4.419048,7,1783.781664
13.142857,19,1786.468873
8.4,13,1788.177143
9.133333,14,1790.081758
12.790476,20,1792.794345
20.466667,30,1796.778769
24.666667,38,1801.925614
28.733333,40,1807.040168
10.152381,16,1809.197138
27.342857,40,1814.168481
27.72381,40,1819.090074
16.714286,25,1822.897777
12.447619,18,1825.350096
13.428571,20,1827.964269
10.990476,17,1830.232681
17.699395,25,1833.529116
8.247619,13,1835.291911
6.180952,10,1836.674113
17.590476,25,1839.928779
19.238095,28,1843.437692
10.914286,16,1845.662629
16.2,23,1848.654224
16.704762,24,1851.556542
29.223716,40,1856.793051
8.866667,13,1858.499263
28.028571,40,1863.594073
8.028571,13,1865.272845
24.714286,38,1869.837508
19.038095,28,1873.43488
5.438095,9,1874.619783
14.666667,23,1877.49544
6.190476,10,1878.810437
28.952381,40,1883.792571
2.773534,5,1884.459144
27.495238,40,1889.611027
10.242252,15,1891.466305
14.0,20,1894.095069
25.449996,36,1898.580282
16.0,25,1902.733086
14.533333,21,1905.698738
26.666667,40,1910.451083
19.866667,28,1914.201321
9.828571,15,1916.451868
5.019048,8,1917.655174
16.438095,24,1920.711632
12.2,19,1923.193079
20.428571,29,1927.024085
24.266667,34,1931.34768
16.971429,26,1934.801032
8.495238,13,1936.49852
19.742857,28,1940.183913
28.762207,40,1945.046594
28.219048,40,1950.025395
11.47619,17,1952.198547
5.67619,9,1953.426356
27.361905,40,1958.434237
7.409524,12,1960.036708
6.180952,10,1961.366573
4.314286,7,1962.286234
7.333333,12,1963.862315
16.914286,26,1967.155352
14.628571,22,1969.917728
15.142857,23,1972.763192
29.333333,40,1977.742333
4.82052,8,1978.825775
27.695238,40,1984.128167
8.247619,13,1985.84554
9.219048,14,1987.636507
27.809524,40,1992.505005
27.428571,40,1997.431807
15.904762,24,2000.564735
22.066667,31,2004.61929
28.171429,40,2009.381897
3.647619,6,2010.190212
12.761905,20,2012.778828
18.295238,26,2016.079593
12.857143,20,2018.766771
7.447619,12,2020.486363
13.647619,20,2023.317077
6.47619,10,2024.598535
13.238095,20,2027.186159
13.038095,19,2029.706476
26.761905,40,2034.782526
27.304762,40,2040.125015
10.142857,16,2042.279981
18.342857,27,2045.763157
28.07619,40,2050.632848
18.87619,27,2054.231789
10.238095,16,2056.376993
26.793077,40,2061.596453
3.670823,6,2062.417699
27.866667,40,2067.754056
28.904762,40,2072.887586
26.666667,40,2078.061342
12.419048,19,2080.429423
14.647619,21,2083.153637
2.1966,4,2083.722494
8.933333,14,2085.609922
12.904762,19,2088.090925
7.885714,12,2089.678781
22.552381,32,2093.569396
17.590476,27,2097.24364
6.666667,10,2098.581816
27.857143,40,2103.652244
28.6,40,2108.664114
25.085714,37,2113.220881
12.019371,18,2115.554873
10.304762,16,2117.628377
19.314286,29,2121.324669
5.2,8,2122.403722
28.419048,40,2127.316063
13.850087,20,2129.979821
4.333333,7,2130.899613
18.72381,29,2134.680361
20.371429,30,2138.522257
28.92381,40,2143.946402
4.0,7,2144.884713
22.333333,34,2149.359088
4.4,7,2150.294717
10.057143,15,2152.230457
27.428571,40,2157.664166
15.761905,23,2160.482658
28.514286,40,2165.410404
5.933333,9,2166.590716
13.085714,19,2169.144631
14.009524,22,2171.984212
29.238095,40,2176.692451
28.590476,40,2181.837009
26.666667,40,2187.064886
15.466667,22,2189.994985
8.104762,12,2191.607143
28.714286,40,2197.03006
8.666667,14,2198.86858
28.542857,40,2203.929835
9.333333,14,2205.746909
28.609524,40,2210.813988
27.314286,40,2215.905388
7.847619,12,2217.486809
17.657143,26,2220.941372
27.057143,40,2225.872232
21.342857,32,2229.907774
29.161905,40,2234.992367
4.466667,7,2235.93372
4.742857,8,2237.009707
10.914286,16,2239.26375
13.733333,21,2242.103089
20.380952,31,2246.122513
12.914286,19,2248.560671
4.009524,7,2249.525986
10.990476,17,2251.824452
27.933333,40,2256.972336
18.228571,28,2260.445762
11.819048,18,2262.935095
20.609524,30,2267.01528
12.72381,19,2269.471935
6.704762,11,2270.960957
22.990476,34,2275.478481
27.295238,40,2280.549622
4.185109,7,2281.47639
17.52381,25,2284.689417
27.038095,40,2289.659353
27.590476,40,2294.899819
26.67619,40,2300.167245
29.266667,40,2305.464473
28.447619,40,2310.540464
14.247619,22,2313.428026
9.285714,14,2315.293004
28.819048,40,2320.37004
18.838095,29,2324.063108
11.017021,16,2326.176062
10.666667,17,2328.459822
13.219048,19,2330.968181
13.266667,19,2333.493972
17.333333,25,2336.768637
27.428571,40,2341.898581
28.647619,40,2346.695468
9.47619,15,2348.71845
15.180952,22,2351.474204
5.504762,9,2352.666648
17.666667,25,2355.72353
6.2,10,2357.028805
19.333333,28,2360.619956
11.371429,18,2363.024233
10.352381,16,2365.204933
10.457143,16,2367.307288
6.285714,10,2368.644439
7.4,11,2370.111877
10.761905,17,2372.260172
24.095238,34,2376.605759
12.514286,18,2379.018899
17.780952,27,2382.465688
27.314286,40,2387.575253
16.714286,25,2390.793597
14.0,20,2393.404154
26.989597,40,2398.545291
10.508919,16,2400.63481
17.67619,26,2403.847556
27.409524,40,2408.764816
22.419048,32,2412.639363
13.580952,20,2415.217855
13.333333,21,2418.020585
6.380952,10,2419.399849
16.952381,25,2422.673656
22.67619,35,2426.964561
4.0,7,2427.8946
7.361905,11,2429.333093
4.390476,7,2430.253071
14.333333,21,2432.935432
16.32381,25,2436.078156
27.790476,40,2440.787951
14.057143,22,2443.633915
13.457143,20,2446.295647
19.038095,27,2449.764596
12.028571,19,2452.233145
28.12381,40,2457.168864
17.666667,25,2460.411935
19.609524,30,2464.324297
29.247619,40,2469.089061
6.666667,11,2470.540076
12.733333,19,2473.102003
17.008291,24,2476.391353
15.009524,23,2479.271871
8.085714,12,2480.839818
19.942857,29,2484.50952
17.87619,26,2487.840501
16.371429,25,2491.005515
9.961905,15,2492.960518
17.904762,26,2496.333267
13.752381,20,2498.984983
11.228571,17,2501.232645
10.704762,17,2503.437513
26.952381,40,2508.642477
13.619048,20,2511.237337
28.666667,40,2516.430823
6.552381,10,2517.769997
10.152381,16,2519.976042
8.133333,13,2521.737183
23.657143,36,2526.427652
22.752381,32,2530.558836
26.72381,40,2535.580391
9.466667,14,2537.459605
27.878524,39,2542.117868
18.609524,28,2545.672313
28.409524,40,2550.534278
28.380952,40,2555.367325
11.380952,18,2557.652209
8.495238,13,2559.377885
5.419048,9,2560.560243
18.87619,27,2563.992131
16.285714,25,2567.252322
28.67619,40,2572.386825
5.67619,9,2573.631784
11.419048,18,2576.123975
8.866667,13,2577.857699
28.885714,40,2582.75187
10.0,16,2584.891067
14.295238,21,2587.50393
10.190476,15,2589.41136
5.571429,9,2590.605477
16.12381,23,2593.597766
18.266667,28,2597.171159
27.428571,40,2602.192892
27.247619,40,2606.755768
17.657143,26,2609.964472
10.761905,16,2612.034636
19.095238,27,2615.40838
4.133333,7,2616.336545
15.27619,23,2619.20236
22.628571,32,2623.139752
8.980952,14,2624.950562
27.790476,40,2629.727714
18.390476,27,2632.997786
16.590476,25,2636.455911
28.085714,40,2641.246323
17.019048,26,2644.596945
28.190476,40,2649.633436
26.666667,40,2654.372982
28.571429,40,2659.185168
27.67619,40,2664.000319
25.428571,36,2668.50197
23.742857,36,2672.791345
17.428571,25,2675.884304
27.885714,40,2680.956856
27.689871,40,2686.155697
25.0,37,2690.474299
9.019048,14,2692.297554
5.504762,9,2693.498128
27.2,40,2698.570663
13.52381,21,2701.245067
5.847619,9,2702.465707
9.619048,15,2704.41493
9.409524,14,2706.271043
19.857143,30,2710.234836
13.542857,20,2712.917433
13.957829,20,2715.507174
24.32381,36,2720.050421
20.209524,31,2723.914948
19.32381,28,2727.389644
5.2,8,2728.437562
18.4,26,2731.730992
23.619048,34,2736.142408
25.0,35,2740.499594
28.419048,40,2745.429272
15.352381,22,2748.270592
9.438095,14,2750.114009
20.733333,30,2753.866992
12.314286,18,2756.435997
14.533333,21,2759.194867
9.333333,15,2761.201485
20.0,31,2765.128902
25.4,39,2769.904629
15.847619,24,2773.100424
11.466667,18,2775.527326
28.361905,40,2780.590153
28.390476,40,2785.632617
6.771429,11,2787.251376
14.304762,21,2790.225049
4.466667,7,2791.189747
4.742857,8,2792.272218
13.428571,20,2794.925388
18.152381,26,2798.482092
9.428571,14,2800.3815
14.133333,21,2803.178366
10.828571,16,2805.342655
5.504762,9,2806.587375
28.457143,40,2811.658835
11.419048,18,2814.042461
28.190476,40,2819.464674
28.066667,40,2824.198844
8.047619,13,2825.912499
5.2,8,2826.959585
11.542857,17,2829.08689
11.857143,18,2831.427349
28.952381,40,2836.300632
27.485714,40,2841.060873
28.571429,40,2845.919937
27.209524,40,2850.659966
16.92381,24,2854.230939
18.4,26,2858.073926
17.409524,26,2861.997966
18.295238,26,2866.290871
9.628571,15,2868.718047
22.27619,33,2874.285698
6.666667,11,2876.405641
19.542857,28,2880.485976
6.628571,10,2881.842493
7.4,11,2883.29488
10.12381,16,2885.340199
27.809524,40,2890.438852
14.419048,22,2893.481048
17.847619,27,2897.264238
6.666667,11,2898.740803
29.066667,40,2903.942543
18.371429,26,2907.415844
11.333333,18,2909.853232
2.952381,5,2910.646157
29.333333,40,2916.412579
5.419048,9,2917.625046
28.190476,40,2923.061027
12.533333,18,2925.524675
19.133333,27,2928.900989
18.704762,29,2932.893163
26.695238,40,2938.149667
3.504762,6,2938.975593
16.971429,26,2942.270663
6.190476,10,2943.608702
28.571429,40,2948.378036
27.571429,40,2953.509313
12.409524,19,2956.158643
28.952381,40,2961.104702
28.695238,40,2966.425094
26.914286,40,2971.724704
5.2,8,2972.868315
6.190476,10,2974.252006
27.809524,40,2979.483906
12.857143,20,2982.183114
10.047619,15,2984.154703
6.038095,10,2985.497291
10.990476,17,2987.726564
28.428571,40,2992.877358
28.952381,40,2997.896771
7.333333,12,2999.440619
8.057143,12,3001.101283
28.447619,40,3005.988102
20.885714,31,3010.080669
11.990476,18,3012.468126
15.409524,24,3015.637064
15.104762,23,3018.729322
12.742857,20,3021.485603
29.333333,40,3026.459805
27.047619,40,3031.693651
4.895238,8,3032.86108
28.685714,40,3038.161897
13.209524,20,3040.818595
20.190476,30,3044.282861
28.628571,40,3049.194232
10.914286,16,3051.560714
27.54519,40,3056.884841
13.933333,21,3059.760426
4.742857,8,3060.844102
19.6,28,3064.565746
3.333333,6,3065.366736
16.704762,24,3068.607896
9.066667,14,3070.42865
17.019048,26,3073.867509
5.2,8,3074.953529
5.12381,8,3076.030104
10.828571,17,3078.22825
22.0,34,3082.389613
25.409524,37,3086.998851
9.904762,15,3089.000772
18.0,26,3092.41467
18.228571,27,3095.685687
27.809524,40,3100.982139
28.542857,40,3105.98068
7.561905,12,3107.643599
10.866667,17,3109.930448
5.333333,9,3111.163186
18.8,28,3115.039388
5.419048,9,3116.358932
27.428571,40,3121.665809
27.428571,40,3126.849618
28.190476,40,3132.58071
9.47619,15,3134.665896
20.0,31,3138.892289
16.2,23,3141.903513
27.752381,40,3146.718428
12.904762,19,3149.490176
26.771429,40,3154.761167
29.333333,40,3160.17314
21.866667,32,3164.258196
16.666667,26,3167.547124
12.361905,19,3169.99304
8.72381,14,3171.829433
8.423204,13,3173.541885
8.933333,14,3175.518897
22.904762,33,3179.549478
27.2,40,3184.579215
11.92381,18,3186.968576
6.466667,10,3188.335718
5.67619,9,3189.509298
5.2,8,3190.554441
27.428571,40,3195.609566
16.47619,25,3198.731246
27.209524,40,3203.780785
10.457143,16,3205.91377
14.733333,21,3208.598309
8.133333,12,3210.166201
16.47619,25,3213.194891
29.133333,40,3218.221691
18.152381,26,3221.552175
29.333333,40,3226.669297
23.333333,36,3231.175616
18.361905,27,3234.525785
26.447619,39,3239.340097
8.866667,13,3241.042816
24.019048,36,3245.449506
27.009524,40,3250.490087
21.27619,32,3254.623098
19.095238,27,3258.086072
6.095238,10,3259.431016
16.2,23,3262.436465
14.838095,22,3265.286783
8.866667,13,3266.997241
27.428571,40,3272.154687
18.104762,27,3275.381905
3.504762,6,3276.180703
15.047619,22,3279.112819
16.295238,25,3282.2196
19.333333,30,3286.06954
27.428571,40,3290.940568
11.526143,17,3293.173657
27.047619,40,3298.437844
19.761905,29,3302.197539
7.790476,12,3303.742222
9.038095,14,3305.539204
12.361905,18,3307.842429
26.380952,40,3312.594248
28.895238,40,3317.354895
26.804157,40,3322.270054
5.933333,9,3323.474114
15.428571,22,3326.317492
14.419048,22,3329.1677
12.180952,19,3331.560671
6.980952,11,3333.048142
14.0,20,3335.568381
11.847619,18,3337.962269
27.428571,40,3342.949545
9.2,14,3344.78907
2.666667,5,3345.451492
6.771429,11,3346.869005
14.209524,22,3349.634414
9.2,14,3351.354551
25.857143,38,3356.22627
12.361905,18,3358.550887
29.133333,40,3363.444697
28.72381,40,3368.61807
20.047619,29,3372.305107
8.380952,13,3374.016139
13.619048,20,3376.582721
27.885714,40,3381.220645
27.342857,40,3386.132816
15.104762,23,3389.107532
9.466667,14,3390.940265
18.819048,28,3394.445007
28.190476,40,3399.223621
13.066667,19,3401.586441
24.028571,37,3406.180903
25.47619,39,3411.03186
28.809524,40,3416.060088
10.333333,15,3417.850118
28.190476,40,3423.008036
28.92381,40,3427.914626
11.152381,17,3430.132416
27.561905,39,3435.017148
22.32381,34,3439.289968
28.23004,40,3444.352405
11.066667,16,3446.45127
12.72381,19,3448.808732
14.095238,21,3451.523152
21.333333,33,3455.64693
13.104762,20,3458.1606
11.8,17,3460.363654
5.242662,8,3461.416344
4.742857,8,3462.477719
24.190476,36,3467.140633
8.885714,14,3468.856303
15.561905,24,3471.915089
14.533333,21,3474.641732
11.67619,18,3477.16861
28.12381,40,3482.335135
27.533333,40,3487.178062
9.6,14,3488.983096
11.152381,17,3491.205222
9.333333,15,3493.122756
6.161905,10,3494.413695
26.666667,40,3499.370436
29.190476,40,3504.214633
27.542857,40,3509.201016
16.666667,26,3512.607272
15.952381,23,3515.667662
26.666667,40,3520.490086
7.190476,11,3521.948942
24.0,35,3526.342106
9.466667,14,3528.125448
25.552381,38,3532.847174
24.266667,34,3537.288742
5.847619,9,3538.464913
25.009524,38,3543.193799
12.590476,19,3545.655004
4.333333,7,3546.592716
28.952381,40,3551.435466
10.609524,16,3553.482225
17.847619,27,3556.868382
18.8,28,3560.545403
11.8,17,3562.806422
4.895238,8,3563.865827
21.771429,31,3567.907103
29.333333,40,3572.804899
19.133333,27,3576.103929
3.447619,6,3576.914248
10.190476,15,3578.860743
8.619048,13,3580.59816
16.2,23,3583.569966
4.0,7,3584.482504
26.952381,40,3589.341647
14.0,20,3591.988215
18.4,26,3595.407145
11.638095,17,3597.616348
28.028571,40,3602.435635
27.514286,40,3607.614749
8.12381,13,3609.266525
12.742857,19,3611.712189
15.333333,24,3614.653672
17.942857,26,3617.815428
10.457143,16,3619.927649
13.933333,20,3622.513973
25.466667,37,3627.180581
4.4,7,3628.095296
27.809524,40,3633.134157
10.666667,17,3635.394054
26.666667,40,3640.098641
26.933333,40,3645.377559
28.27619,40,3650.531282
12.714286,19,3652.870168
4.447619,7,3653.787724
7.333333,12,3655.388779
29.333333,40,3660.339875
27.095238,40,3664.977317
22.333333,32,3668.995243
27.828571,40,3674.07306
11.190476,17,3676.269552
4.895238,8,3677.348963
16.0,25,3680.45111
19.714286,28,3684.000743
24.266667,34,3688.372882
15.466667,22,3691.21358
28.571429,40,3696.164658
27.895238,40,3700.952853
10.0,16,3703.075157
5.333333,9,3704.26304
28.980952,40,3709.298574
19.8,28,3712.813885
9.47619,15,3714.753999
26.114286,37,3719.373949
19.552381,30,3723.254115
8.666667,14,3725.080367
7.190476,11,3726.515384
27.561905,39,3731.093273
9.066667,14,3732.911477
14.533333,21,3735.558905
12.72381,19,3738.033363
27.142857,40,3742.585274
27.809524,40,3747.568544
4.0,7,3748.497115
19.866667,28,3752.050827
19.495238,28,3755.643176
11.847619,18,3758.03154
20.2,31,3761.791267
6.666667,10,3763.119583
26.666667,40,3768.06377
13.428571,20,3770.676652
24.933333,35,3774.99582
13.933333,21,3777.843659
12.714286,20,3780.432361
10.866667,16,3782.543799
21.27619,32,3786.545932
13.238095,20,3789.238482
22.552381,32,3793.270121
26.752381,40,3798.184267
11.333333,18,3800.522638
19.333333,30,3804.32073
14.0,22,3807.200964
6.666667,10,3808.512601
28.571429,40,3813.433922
10.104762,15,3815.339158
12.0,19,3817.819204
28.87619,40,3822.405136
11.266667,17,3824.569397
2.952381,5,3825.243963
26.904762,40,3829.656499
26.114286,38,3834.237702
28.952381,40,3839.435827
26.666667,40,3844.322994
27.390476,40,3849.114589
10.333333,16,3851.167027
21.047619,30,3854.91728
16.238095,25,3858.027477
13.933333,21,3860.729344
15.038095,22,3863.597436
27.638095,40,3868.484248
6.095238,10,3869.779082
21.038095,32,3873.869362
27.428571,40,3878.908373
18.87619,27,3882.315052
14.209524,22,3885.192287
16.180952,23,3888.037476
23.295238,34,3892.495898
9.619048,15,3894.538962
9.2,14,3896.62846
27.380952,40,3901.755369
27.809524,40,3906.975565
27.047619,40,3911.938292
4.819048,8,3913.002163
5.761905,9,3914.203347
27.809524,40,3919.400474
14.419048,22,3922.154809
28.561905,40,3926.99255
27.047619,40,3932.020379
12.190476,18,3934.39763
28.27619,40,3939.33157
15.790476,24,3942.334454
7.085714,11,3943.812408
28.428571,40,3948.677514
14.228571,21,3951.341503
11.67619,18,3953.693959
8.52381,13,3955.532571
21.047619,30,3959.315106
26.666667,40,3964.351847
26.666667,40,3969.46056
8.866667,13,3971.169035
26.92381,40,3976.24387
13.238095,20,3978.912829
4.971429,8,3979.969243
20.32381,29,3983.517782
11.066667,16,3985.489346
19.133333,27,3989.083751
28.571429,40,3994.040001
15.542857,23,3996.98457
10.666667,17,3999.12934
16.866667,26,4002.339261
5.12381,8,4003.404507
28.571429,40,4008.271705
9.333333,14,4010.113887
29.333333,40,4015.190431
10.428571,16,4017.292856
26.961905,40,4021.94183
26.47619,38,4026.595964
14.619048,21,4029.364077
20.619048,30,4033.297622
27.571429,40,4038.272423
22.038095,31,4042.42679
4.066667,7,4043.357979
21.542857,31,4047.185564
29.333333,40,4052.281982
3.628571,6,4053.080126
28.057143,40,4057.828085
8.619048,13,4059.535607
5.67619,9,4060.704146
17.190476,25,4063.852605
29.295238,40,4068.701529
14.666667,23,4071.556803
27.047619,40,4076.953033
10.0,16,4079.115866
12.361905,18,4081.332854
29.333333,40,4086.555741
10.666667,17,4088.722726
27.47619,40,4093.801441
16.019048,24,4096.994565
9.761905,15,4099.04273
29.333333,40,4104.061848
17.628571,27,4107.490298
28.219048,40,4112.64672
10.914286,16,4114.699967
6.838095,11,4116.122142
12.133333,18,4118.443311
14.628571,22,4121.131424
27.809524,40,4126.190632
9.066667,14,4127.982776
10.990476,17,4130.198046
12.209524,19,4132.622196
11.066667,16,4134.708077
24.095238,34,4139.344268
28.304762,40,4144.322023
25.466667,36,4148.49283
10.914286,16,4150.581562
3.733333,6,4151.369061
16.704762,24,4154.496451
12.209524,19,4156.903184
16.952381,25,4159.970945
21.0,32,4164.003122
14.838095,22,4166.823844
15.104762,23,4169.848778
6.666667,10,4171.113629
26.819048,40,4176.066881
28.790476,40,4181.147087
6.895238,11,4182.611028
27.4,40,4187.590498
13.67619,21,4190.227848
26.761905,40,4195.519186
29.333333,40,4200.519101
10.0613,16,4202.632358
12.019048,18,4204.994062
9.6,14,4206.888322
16.914286,24,4209.989679
12.533333,18,4212.392413
28.07619,40,4217.551965
21.333333,33,4221.683784
28.190476,40,4226.616024
16.47619,24,4229.69865
22.009524,34,4233.89982
17.904762,26,4237.168796
12.857143,20,4239.741803
27.190476,40,4244.660614
12.12381,18,4246.951272
28.295238,40,4251.987133
19.866667,28,4255.749506
19.133333,27,4259.189158
21.647619,33,4263.335641
8.8,14,4265.181971
13.933333,21,4267.908082
5.761905,9,4269.091817
7.561905,12,4270.682797
14.92381,23,4273.545436
19.133333,27,4277.06414
12.361905,19,4279.587791
13.085714,19,4282.048587
28.52381,40,4286.854079
28.952381,40,4291.913494
9.333333,14,4293.802383
11.380952,18,4296.189728
28.285714,40,4301.298188
11.504762,18,4303.667379
28.571429,40,4308.483735
19.095238,27,4311.970565
3.619048,6,4312.76224
22.666667,35,4317.405211
12.72381,19,4319.872937
6.666667,11,4321.250971
5.87619,9,4322.457545
8.371429,13,4324.203813
9.466667,14,4326.084169
10.761905,16,4328.215176
10.92381,16,4330.222269
4.285714,7,4331.134117
7.790476,12,4332.626751
27.047619,40,4337.544424
4.895238,8,4338.588577
5.333333,9,4339.746443
28.571429,40,4344.763443
11.47619,17,4346.979298
28.209524,40,4351.753202
15.171429,22,4354.637
8.0,13,4356.338689
8.742857,13,4357.984615
25.733333,36,4362.460348
27.428571,40,4367.360572
11.447619,17,4369.462732
8.019048,12,4371.039177
19.838095,29,4374.577843
22.27619,33,4378.891702
10.571429,16,4381.000538
26.895238,40,4385.627728
16.571429,25,4388.838554
14.133333,21,4391.563989
7.190476,11,4392.990696
14.0,20,4395.503197
12.114286,19,4397.994027
14.838095,22,4400.903884
13.790476,21,4403.664963
4.666667,8,4404.701187
20.609524,30,4408.288361
19.638095,28,4411.826912
27.457143,40,4416.809919
27.047619,40,4421.571994
15.32381,23,4424.511589
6.666667,11,4425.900791
18.133333,28,4429.532918
13.619048,20,4432.181729
25.047619,36,4436.907126
8.133333,12,4438.478205
26.666667,40,4443.145753
14.533333,21,4445.836858
23.942857,34,4449.942905
20.314286,31,4453.763252
10.047619,15,4455.698789
24.514286,35,4459.868886
29.085714,40,4464.767269
11.638095,17,4466.945698
28.333333,40,4472.046181
28.190476,40,4476.743483
7.333333,12,4478.299824
16.238095,25,4481.395905
27.047619,40,4486.543799
19.866667,28,4490.063874
28.609524,40,4494.790025
13.038095,19,4497.375701
20.47619,30,4501.092644
18.095238,26,4504.49545
6.095238,10,4505.81911
27.809524,40,4510.791446
27.504762,40,4515.806501
13.333333,21,4518.599082
28.190476,40,4523.398807
14.266667,22,4526.189063
24.019048,36,4530.733526
29.333333,40,4535.812931
6.47619,10,4537.14807
6.095238,10,4538.432409
9.390476,14,4540.230112
28.6,40,4545.528977
5.847619,9,4546.699968
28.12381,40,4551.557201
21.647619,33,4556.04993
4.2,7,4556.982506
14.219048,22,4559.784695
18.104762,27,4563.378405
11.314286,17,4565.579635
18.533333,28,4569.070686
26.666667,40,4573.964718
9.670823,15,4575.952312
11.314286,17,4578.115043
28.542857,40,4582.949905
13.809524,20,4585.427178
27.047619,40,4590.371861
11.67619,18,4592.765994
9.219048,14,4594.624618
9.6,14,4596.480402
28.07619,40,4601.440529
27.933333,40,4606.328259
28.409524,40,4611.394439
9.438095,15,4613.314186
27.809524,40,4618.98989
28.952381,40,4624.079341
15.933333,23,4626.970475
16.447619,25,4630.037969
10.428571,16,4632.079165
29.333333,40,4637.382716
18.104762,27,4641.003054
16.0,25,4644.202018
27.428571,40,4649.124508
21.885714,32,4653.098961
27.047619,40,4658.054367
12.533333,18,4660.453743
26.666667,40,4665.114299
5.047619,8,4666.135063
16.019048,24,4669.102815
28.952381,40,4674.476793
27.047619,40,4679.671809
27.352381,40,4684.402317
16.066667,25,4687.70597
27.047619,40,4692.861089
8.12381,13,4694.646501
23.533333,33,4699.015783
16.828571,24,4702.015104
28.952381,40,4707.0136
26.790476,39,4711.750738
13.47619,20,4714.413886
28.961905,40,4719.21127
15.333333,24,4722.173376
15.380952,22,4725.047573
27.942857,40,4729.981133
16.952381,25,4733.100351
26.466667,37,4738.110343
21.885714,32,4741.942482
15.047619,22,4744.694678
27.809524,40,4749.538596
18.4,26,4752.869612
9.619048,15,4754.88678
11.314286,17,4757.088163
18.619048,27,4760.555868
18.87619,27,4763.916155
13.733333,21,4766.676186
12.190476,18,4768.960915
29.190476,40,4773.713625
22.666667,35,4777.963208
14.238095,21,4780.639888
24.0,35,4784.888572
7.67619,12,4786.455403
26.87619,40,4791.577695
10.27619,16,4793.629149
28.571429,40,4799.014441
29.333333,40,4803.877425
12.190476,18,4806.207934
15.587076,23,4809.28017
16.333333,24,4812.32879
5.504762,9,4813.523668
6.885714,11,4814.946703
28.6,40,4819.738004
10.714286,17,4821.891937
27.809524,40,4826.652817
8.247619,13,4828.387957
20.6,29,4832.018914
10.828571,17,4834.280316
28.952381,40,4839.244487
9.2,14,4841.045373
16.47619,25,4844.0326
29.142857,40,4848.734914
26.666667,40,4853.570894
27.428571,40,4858.857794
27.8613,40,4864.021152
28.628571,40,4868.99275
4.92381,8,4870.057539
11.847619,18,4872.391142
8.628571,13,4874.086596
4.2,7,4874.984501
4.666667,8,4876.070833
3.390476,6,4876.865874
27.657143,40,4881.720619
11.6,18,4884.060208
10.990476,17,4886.215789
19.238095,28,4889.941715
14.533333,21,4892.677728
3.733333,6,4893.473362
9.619048,15,4895.447486
12.533333,18,4897.773634
20.285714,29,4901.678102
10.666667,17,4903.959742
13.428571,20,4906.576679
15.047619,22,4909.437352
29.333333,40,4914.299528
10.457143,16,4916.625719
28.666667,40,4921.469181
27.095238,40,4926.331868
15.32381,23,4929.38868
13.771429,20,4931.940967
4.819048,8,4933.004565
28.190476,40,4937.989689
28.714286,40,4943.072729
3.619048,6,4943.888695
18.266667,28,4947.424897
29.009524,40,4952.327787
27.428571,40,4957.272135
5.67619,9,4958.474034
9.066667,14,4960.299758
27.371429,40,4965.168748
27.047619,40,4970.220162
10.219048,16,4972.360042
20.971429,32,4976.469361
23.333333,36,4980.919836
28.190476,40,4986.131985
25.0,35,4990.271676
15.380952,22,4993.0735
15.333333,24,4996.201795
19.904762,30,4999.765797
28.361905,40,5004.951063
6.980952,11,5006.448802
21.057143,30,5010.221879
23.666667,35,5014.596886
10.828571,17,5016.797208
17.409524,26,5020.166523
13.533333,21,5022.927017
26.666667,40,5027.792713
29.333333,40,5032.628389
4.2,7,5033.557131
21.885714,32,5037.813284
11.066667,16,5039.935783
16.914286,26,5043.14427
6.666667,11,5044.582545
8.133333,12,5046.204752
16.933333,24,5049.209277
13.085714,19,5051.649159
28.571429,40,5056.38632
6.980952,11,5057.913788
27.733333,40,5062.738844
26.666667,40,5067.646645
18.838095,29,5071.408139
19.133333,27,5074.729574
14.666667,23,5077.677781
26.666667,40,5082.753666
14.628571,22,5085.441406
5.047619,8,5086.494026
8.828571,13,5088.226874
16.247619,24,5091.033471
27.409524,40,5096.150635
28.571429,40,5101.173222
13.209524,19,5103.704471
13.619048,20,5106.142733
9.333333,15,5108.095567
22.27619,33,5112.154416
18.4,26,5115.385271
8.371429,13,5117.122371
27.047619,40,5121.969626
21.580952,32,5125.93219
4.771429,8,5127.019621
11.066667,16,5128.948423
28.190476,40,5134.027383
19.028571,28,5137.621646
10.914286,16,5139.752623
8.619048,13,5141.480046
27.809524,40,5146.357226
28.628571,40,5151.58797
27.638095,40,5156.805725
20.733333,31,5160.623009
13.733333,21,5163.422846
9.409524,14,5165.253569
14.0,20,5167.758472
12.180952,19,5170.299736
15.628571,24,5173.415806
26.666667,40,5178.872944
24.704762,36,5183.433979
5.933333,9,5184.623085
5.504762,9,5185.807259
26.92381,40,5190.797896
17.428571,25,5193.987336
16.171429,23,5196.913584
17.514286,25,5200.335993
10.047619,15,5202.382692
26.666667,40,5207.398831
27.428571,40,5212.38389
5.847619,9,5213.549925
11.67619,18,5215.989253
9.333333,14,5217.80924
4.0,7,5218.724024
12.285714,19,5221.290583
14.838095,22,5224.114521
12.857143,20,5226.677833
18.942857,29,5230.146125
15.104762,23,5233.085769
26.666667,40,5237.821529
5.419048,9,5238.987245
27.371429,40,5243.693603
19.133333,27,5246.96236
14.733333,21,5249.614098
19.333333,30,5253.500169
9.904762,15,5255.471472
26.666667,40,5260.182035
8.742857,13,5261.908612
11.67619,18,5264.29187
15.733333,23,5267.318451
16.666667,26,5270.563746
12.333333,19,5272.805395
23.533333,33,5277.095925
6.87619,11,5278.572489
27.047619,40,5283.665554
10.914286,16,5285.926604
7.809524,12,5287.542871
8.666667,14,5289.384781
8.485714,13,5291.096068
28.952381,40,5296.01916
11.152381,17,5298.284771
4.4,7,5299.214051
11.371429,17,5301.423962
13.428571,20,5303.956673
15.761905,23,5306.851935
13.333333,21,5309.430066
14.666667,23,5312.330239
8.742857,13,5314.037565
16.2,23,5316.920043
15.32381,23,5319.730238
8.0,13,5321.438274
7.904762,12,5323.037857
27.066667,40,5328.171273
5.504762,9,5329.351324
12.908919,20,5331.965838
23.133333,33,5336.303059
20.07619,31,5340.00816
15.104762,23,5343.017775
5.333333,9,5344.227006
9.47619,15,5346.216092
28.057143,40,5351.072367
28.190476,40,5356.176734
13.933333,21,5358.842098
12.0,19,5361.242399
13.809524,20,5363.730224
28.190476,40,5368.518787
6.0,10,5369.85155
18.257143,27,5373.144196
27.114286,40,5378.171914
10.0,16,5380.247857
12.361905,19,5382.716515
15.466667,22,5385.357031
16.914286,26,5388.733977
8.066667,12,5390.335203
23.419048,36,5394.822747
6.771429,11,5396.462329
15.285714,23,5399.400576
17.847619,27,5402.782094
26.561905,38,5407.555015
29.161905,40,5412.406041
14.628571,22,5415.321996
5.12381,8,5416.416295
29.247619,40,5421.256047
3.561905,6,5422.059988
28.571429,40,5427.178642
22.038095,33,5431.127665
16.47619,24,5434.163825
27.809524,40,5439.325489
17.409524,26,5442.586975
6.380952,10,5443.929252
16.666667,26,5447.308375
6.380952,10,5448.642694
28.438095,40,5453.665589
20.32381,29,5457.562313
28.695238,40,5462.614766
9.619048,15,5464.52086
12.247619,19,5466.928361
16.4,24,5469.861441
13.238095,20,5472.454333
29.314286,40,5477.63597
15.790476,24,5480.69857
11.47619,17,5482.932801
27.342857,40,5487.960642
17.409524,26,5491.287412
17.847619,27,5494.496157
5.933333,9,5495.688639
25.047619,36,5500.065929
15.485714,23,5503.085415
17.171429,26,5506.202833
16.180952,25,5509.274064
10.390476,16,5511.370932
8.666667,14,5513.219567
21.771429,31,5517.342731
16.47619,24,5520.481108
5.933333,9,5521.678224
5.419048,9,5522.884758
27.428571,40,5527.76829
27.809524,40,5532.743472
28.009524,40,5537.321392
13.585109,21,5539.982364
24.466667,37,5544.767562
17.190476,25,5547.91916
28.590476,40,5552.836427
24.0,35,5557.270156
4.819048,8,5558.335624
28.952381,40,5563.266727
16.238095,25,5566.282056
4.2,7,5567.181475
26.666667,40,5572.425476
6.980952,11,5573.837313
27.942857,40,5578.86549
15.485714,23,5581.801296
13.114286,19,5584.228413
26.885714,40,5589.202236
29.333333,40,5594.112819
12.866667,19,5596.483552
7.333333,12,5598.05614
26.819048,39,5602.858111
27.809524,40,5607.297507
25.67619,39,5612.259666
21.333333,33,5616.172755
9.504762,14,5618.004883
8.133333,12,5619.593021
14.0,22,5622.386179
13.333333,21,5625.129828
28.428571,40,5629.800907
27.990476,40,5634.878105
3.733333,6,5635.841626
16.619048,24,5638.907642
3.619048,6,5639.706901
9.904762,15,5641.662355
26.228571,39,5646.442146
10.590476,16,5648.527414
4.952381,8,5649.56416
10.761905,16,5651.584206
16.0,25,5654.950583
29.333333,40,5660.054058
7.733333,12,5661.615303
5.571429,9,5662.808189
14.333333,21,5665.541368
15.047619,22,5668.334976
8.12381,13,5670.039205
9.6,14,5671.828718
2.857143,5,5672.499468
6.009524,10,5673.836039
10.666667,17,5676.006502
10.257143,16,5678.086431
5.333333,9,5679.269364
15.542857,23,5682.265797
28.057143,40,5686.835122
28.961905,40,5691.583634
28.952381,40,5696.6241
6.638095,10,5697.934665
27.809524,40,5702.743853
5.12381,8,5703.776982
4.07619,7,5704.706693
25.8,38,5709.558016
13.72381,20,5712.092132
22.495238,32,5716.164208
25.733333,36,5720.413373
8.495238,13,5722.088912
7.333333,12,5723.650013
7.190476,11,5725.049356
17.190476,25,5728.100775
16.47619,24,5731.171265
18.361905,27,5734.603452
10.990476,17,5736.708046
13.780952,20,5739.27997
11.638095,17,5741.421511
22.190476,32,5745.549278
27.514286,40,5750.460134
10.657143,16,5752.462566
15.352381,23,5755.572254
6.0,10,5756.89227
10.990476,17,5759.120496
12.333333,18,5761.337018
3.333333,6,5762.116545
28.190476,40,5766.941152
6.0,10,5768.271672
13.333333,21,5770.917852
16.019048,24,5773.986761
10.0,16,5776.058392
28.571429,40,5780.809412
15.780952,24,5784.064068
27.047619,40,5789.221615
10.952381,16,5791.255266
18.942857,29,5794.910621
13.933333,21,5797.709741
13.257143,20,5800.263529
7.647619,12,5801.833576
10.371429,16,5803.883561
4.066667,7,5804.807102
22.27619,33,5808.872576
29.038095,40,5813.822743
16.666667,26,5817.30887
6.666667,10,5818.620494
27.190476,39,5823.266656
27.428571,40,5828.381065
4.666667,8,5829.457917
8.866667,13,5831.17325
8.0,13,5832.853875
14.885714,23,5835.93856
29.2,40,5840.860577
20.190476,30,5844.547144
14.733333,21,5847.270324
11.066667,16,5849.334789
12.361905,19,5851.719516
23.180952,33,5855.51236
12.333333,18,5857.891282
11.67619,18,5860.214837
27.047619,40,5865.295296
6.87619,11,5866.749406
9.333333,15,5868.757277
29.333333,40,5873.947306
20.047619,29,5877.772166
13.847619,21,5880.528608
27.809524,40,5885.429868
28.333333,40,5890.41548
26.666667,40,5895.370581
28.190476,40,5900.474531
6.980952,11,5901.897088
18.8,28,5905.289153
21.047619,30,5909.182907
10.828571,17,5911.29707
9.761905,15,5913.356245
6.666667,10,5914.67261
22.8,32,5918.780448
7.4,11,5920.245288
28.495238,40,5924.91994
5.447619,9,5926.114054
27.647619,39,5930.679649
5.761905,9,5931.861301
28.095238,40,5936.739038
5.847619,9,5937.939388
24.666667,35,5942.508
29.028571,40,5947.479856
17.904762,26,5950.825738
18.0,28,5954.494977
21.885714,32,5958.553777
4.466667,7,5959.505523
6.190476,10,5960.848916
20.190476,30,5964.667732
10.0,16,5966.807071
29.333333,40,5971.884599
28.961905,40,5976.982018
29.333333,40,5981.935865
7.333333,12,5983.48779
19.219048,29,5987.314472
11.47619,17,5989.525178
14.733333,21,5992.205825
28.866667,40,5997.079218
11.847619,18,5999.473645
8.866667,13,6001.241535
27.72381,40,6006.088553
28.12381,40,6011.197583
8.666667,14,6013.040163
23.619048,34,6017.125883
20.942857,32,6020.961061
9.333333,14,6022.784548
16.438095,25,6025.969802
11.333333,18,6028.367457
16.714286,25,6031.410543
12.190476,18,6033.728845
14.133333,21,6036.462976
16.47619,25,6039.467297
29.333333,40,6044.710383
29.333333,40,6049.328126
16.714286,25,6052.48875
8.0,13,6054.191768
26.990476,40,6059.343331
6.47619,10,6060.700945
29.333333,40,6065.84228
28.142857,40,6070.748893
13.733333,21,6073.515284
28.666667,40,6078.141847
27.219048,40,6083.04594
7.904762,12,6084.643349
11.638095,17,6086.840957
26.666667,40,6091.953488
28.514286,40,6096.824497
19.066667,28,6100.417522
29.209524,40,6105.208821
27.2,38,6109.813338
18.104762,27,6113.19009
11.847619,18,6115.749033
12.533333,18,6118.188699
18.942857,29,6121.683359
8.942857,14,6123.494237
12.409524,19,6126.056295
5.133333,8,6127.127382
4.4,7,6128.06189
26.666667,40,6132.9883
18.304762,28,6136.538396
19.619048,30,6140.350798
14.0,20,6143.295469
14.628571,22,6146.296939
28.047619,40,6151.610391
6.571429,10,6153.005917
8.866667,13,6155.357438
6.685714,11,6158.647881
25.390476,38,6164.363779
17.885714,26,6167.861961
8.619048,13,6169.629524
27.809524,40,6174.615136
29.095238,40,6179.901914
21.885714,32,6184.0899
28.952381,40,6189.251069
15.333333,24,6192.33058
28.8,40,6197.585585
20.0,31,6201.64098
9.619048,15,6203.663261
13.180952,19,6206.170726
8.67619,14,6208.029158
21.47619,31,6212.226496
27.047619,40,6217.190268
27.047619,40,6222.18651
23.333333,35,6226.767666
11.504762,18,6229.113469
17.152381,26,6232.419356
16.952381,25,6235.740853
28.666667,40,6240.644979
28.6,40,6245.749568
10.666667,17,6247.939154
11.67619,18,6250.272617
14.666667,23,6253.189747
7.904762,12,6254.79842
15.542857,23,6257.785488
29.333333,40,6262.61745
14.733333,21,6265.352523
10.190476,15,6267.322631
16.247619,24,6270.41956
7.085714,11,6271.894654
16.238095,25,6275.198878
15.333333,24,6278.235722
6.571429,10,6279.60803
28.057143,40,6284.562829
13.428571,20,6287.121309
19.457143,30,6291.042033
10.609524,16,6293.1219
26.704762,40,6298.178601
10.0,16,6300.318688
27.07619,40,6304.923048
3.333333,6,6305.718888
29.266667,40,6310.558442
9.619048,15,6312.525693
9.742857,15,6314.445124
10.047619,15,6316.380419
18.809524,29,6320.089459
26.085714,37,6324.765769
15.771429,24,6327.967068
17.952381,27,6331.536197
22.666667,35,6335.938278
28.771429,40,6341.044525
13.390476,21,6343.858563
27.142857,40,6349.066401
28.847619,40,6353.929955
18.828571,28,6357.782512
27.809524,40,6362.773451
16.2,23,6365.775299
28.790476,40,6371.002537
20.6,29,6374.48434
13.238095,20,6376.980394
2.952381,5,6377.684269
9.085714,14,6379.529007
7.561905,12,6381.126077
27.428571,40,6386.100243
11.8,17,6388.323886
28.952381,40,6393.355367
27.809524,40,6398.305608
9.6,14,6400.190165
15.27619,22,6402.96578
3.561905,6,6403.771272
7.847619,12,6405.376665
7.790476,12,6406.99762
18.780952,28,6410.66844
10.0,16,6412.706548
5.504762,9,6413.929971
21.361905,31,6418.206282
11.333333,18,6420.576781
12.533333,18,6422.997163
25.752381,38,6427.837365
19.866667,29,6431.47464
10.990476,17,6433.659165
